BEGIN TRANSACTION;
CREATE TABLE "Article" ("id" integer NOT NULL PRIMARY KEY AUTOINCREMENT, "headline" varchar(100) NOT NULL);
INSERT INTO "Article" VALUES(1,'headline1');
INSERT INTO "Article" VALUES(2,'headline2');
CREATE TABLE "Article_publications" ("id" integer NOT NULL PRIMARY KEY AUTOINCREMENT, "article_id" bigint NOT NULL REFERENCES "Article" ("id") DEFERRABLE INITIALLY DEFERRED, "publication_id" bigint NOT NULL REFERENCES "Publication" ("id") DEFERRABLE INITIALLY DEFERRED);
INSERT INTO "Article_publications" VALUES(1,1,1);
INSERT INTO "Article_publications" VALUES(2,1,2);
INSERT INTO "Article_publications" VALUES(4,2,1);
INSERT INTO "Article_publications" VALUES(7,1,3);
CREATE TABLE "Brand" ("id" integer NOT NULL PRIMARY KEY AUTOINCREMENT, "name" varchar(50) NOT NULL, "description" text NOT NULL, "country" text NOT NULL, "icon" text NOT NULL);
INSERT INTO "Brand" VALUES(1,'Apple','Apple','Mỹ','images/brand_icon/apple.png');
INSERT INTO "Brand" VALUES(2,'Samsung','Samsung','Hàn Quốc','images/brand_icon/samsung.png');
INSERT INTO "Brand" VALUES(3,'Xiaomi','Xiaomi','Trung Quốc','images/brand_icon/xiaomi.png');
INSERT INTO "Brand" VALUES(4,'Oppo','Oppo','Trung Quốc','images/brand_icon/oppo.png');
INSERT INTO "Brand" VALUES(5,'Realme','Realme','Trung Quốc','images/brand_icon/realme.png');
INSERT INTO "Brand" VALUES(6,'Vivo','Vivo','Trung Quốc','images/brand_icon/vivo.png');
INSERT INTO "Brand" VALUES(7,'Dell','Dell','Mỹ','images/brand_icon/dell.png');
INSERT INTO "Brand" VALUES(8,'Lenovo','Lenovo','Trung Quốc','images/brand_icon/lenovo.png');
INSERT INTO "Brand" VALUES(9,'Asus','Asus','Đài Loan','images/brand_icon/asus.png');
INSERT INTO "Brand" VALUES(10,'LG','LG','Hàn Quốc','images/brand_icon/lg.png');
INSERT INTO "Brand" VALUES(11,'Nokia','Nokia','Phần Lan','images/brand_icon/nokia.png');
INSERT INTO "Brand" VALUES(12,'Acer','Acer','Đài Loan','images/brand_icon/acer.png');
CREATE TABLE "Brand_category" ("id" integer NOT NULL PRIMARY KEY AUTOINCREMENT, "brand_id" bigint NOT NULL REFERENCES "Brand" ("id") DEFERRABLE INITIALLY DEFERRED, "category_id" bigint NOT NULL REFERENCES "Category" ("id") DEFERRABLE INITIALLY DEFERRED);
INSERT INTO "Brand_category" VALUES(1,1,5);
INSERT INTO "Brand_category" VALUES(2,1,6);
INSERT INTO "Brand_category" VALUES(3,1,8);
INSERT INTO "Brand_category" VALUES(4,1,9);
INSERT INTO "Brand_category" VALUES(5,1,11);
INSERT INTO "Brand_category" VALUES(6,1,12);
INSERT INTO "Brand_category" VALUES(7,2,11);
INSERT INTO "Brand_category" VALUES(8,2,12);
INSERT INTO "Brand_category" VALUES(9,2,5);
INSERT INTO "Brand_category" VALUES(10,2,6);
INSERT INTO "Brand_category" VALUES(11,3,9);
INSERT INTO "Brand_category" VALUES(12,3,4);
INSERT INTO "Brand_category" VALUES(13,3,12);
INSERT INTO "Brand_category" VALUES(14,3,6);
INSERT INTO "Brand_category" VALUES(15,4,11);
INSERT INTO "Brand_category" VALUES(16,4,12);
INSERT INTO "Brand_category" VALUES(17,5,11);
INSERT INTO "Brand_category" VALUES(18,5,6);
INSERT INTO "Brand_category" VALUES(19,6,11);
INSERT INTO "Brand_category" VALUES(20,6,12);
INSERT INTO "Brand_category" VALUES(21,7,9);
INSERT INTO "Brand_category" VALUES(22,8,9);
INSERT INTO "Brand_category" VALUES(23,8,5);
INSERT INTO "Brand_category" VALUES(24,9,9);
INSERT INTO "Brand_category" VALUES(25,9,12);
INSERT INTO "Brand_category" VALUES(26,9,5);
INSERT INTO "Brand_category" VALUES(27,10,9);
INSERT INTO "Brand_category" VALUES(28,11,13);
INSERT INTO "Brand_category" VALUES(29,11,12);
INSERT INTO "Brand_category" VALUES(30,11,5);
INSERT INTO "Brand_category" VALUES(31,12,8);
INSERT INTO "Brand_category" VALUES(32,12,9);
INSERT INTO "Brand_category" VALUES(33,3,5);
CREATE TABLE "Category" ("id" integer NOT NULL PRIMARY KEY AUTOINCREMENT, "name" varchar(50) NOT NULL, "description" text NOT NULL, "icon" text NOT NULL, "category_parent_id" bigint NULL REFERENCES "Category" ("id") DEFERRABLE INITIALLY DEFERRED);
INSERT INTO "Category" VALUES(4,'Mobile','Điện thoại','bi bi-phone',NULL);
INSERT INTO "Category" VALUES(5,'Tablet','Máy tính bảng','bi bi-tablet',NULL);
INSERT INTO "Category" VALUES(6,'Smartwatch','Đồng hồ thông minh','bi bi-smartwatch',NULL);
INSERT INTO "Category" VALUES(8,'Computer','PC - Màn hình','bi bi-pc-display',NULL);
INSERT INTO "Category" VALUES(9,'Laptop','Laptop','bi bi-laptop',NULL);
INSERT INTO "Category" VALUES(10,'Camera','Máy ảnh & máy quay phim','bi bi-camera',NULL);
INSERT INTO "Category" VALUES(11,'Accessory','Phụ kiện','bi bi-usb-drive',NULL);
INSERT INTO "Category" VALUES(12,'Smartphone','Điện thoại thông minh','',4);
INSERT INTO "Category" VALUES(13,'Featurephone','Điện thoại cơ bản','',4);
CREATE TABLE "Detail" ("id" integer NOT NULL PRIMARY KEY AUTOINCREMENT, "name" varchar(100) NOT NULL, "screen" varchar(100) NOT NULL, "operating_system" varchar(100) NOT NULL, "rear_camera" varchar(100) NOT NULL, "front_camera" varchar(100) NOT NULL, "chip" varchar(50) NOT NULL, "RAM" varchar(100) NOT NULL, "sim" varchar(200) NOT NULL, "battery" varchar(50) NOT NULL, "adapter" varchar(50) NOT NULL, "memory" varchar(200) NOT NULL);
INSERT INTO "Detail" VALUES(1,'iPhone 13 Pro Max 128GB','OLED, 6.7", Super Retina XDR','iOS 15','3 camera 12 MP','12 MP','Apple A15 Bionic','6 GB','1 Nano SIM & 1 eSIM, Hỗ trợ 5G','4352 mAh','20 W','128 GB');
INSERT INTO "Detail" VALUES(2,'iPhone 13 Pro 128GB','OLED, 6.1", Super Retina XDR','iOS 15','3 camera 12 MP','12 MP','Apple A15 Bionic','6 GB','1 Nano SIM & 1 eSIM, Hỗ trợ 5G','3095 mAh','20 W','128 GB');
INSERT INTO "Detail" VALUES(3,'iPhone 13 128GB','OLED, 6.1", Super Retina XDR','iOS 15','2 camera 12 MP','12 MP','Apple A15 Bionic','4 GB','1 Nano SIM & 1 eSIM, Hỗ trợ 5G','3240 mAh','20 W','128 GB');
INSERT INTO "Detail" VALUES(4,'Samsung Galaxy S22 Ultra 5G 128GB','Dynamic AMOLED 2X, 6.8", Quad HD+ (2K+)','Android 12','Chính 108 MP & Phụ 12 MP, 10 MP, 10 MP','40 MP','Snapdragon 8 Gen 1','8 GB','2 Nano SIM hoặc 1 Nano SIM + 1 eSIM, Hỗ trợ 5G','5000 mAh','45 W','128 GB');
INSERT INTO "Detail" VALUES(5,'Samsung Galaxy Z Fold3 5G 256GB','Dynamic AMOLED 2X, Chính 7.6" & Phụ 6.2", Full HD+','Android 11','3 camera 12 MP','10 MP & 4 MP','Snapdragon 888','12 GB','2 Nano SIM hoặc 1 Nano SIM + 1 eSIM, Hỗ trợ 5G','4400 mAh','25 W','256 GB');
INSERT INTO "Detail" VALUES(6,'Xiaomi 12','AMOLED, 6.28", Full HD+','Android 12','Chính 50 MP & Phụ 13 MP, 5 MP','32 MP','Snapdragon 8 Gen 1','8 GB','2 Nano SIM, Hỗ trợ 5G','4500 mAh','67 W','256 GB');
INSERT INTO "Detail" VALUES(7,'Vivo X80','AMOLED, 6.78", Full HD+','Android 12','Chính 50 MP & Phụ 12 MP, 12 MP','32 MP','MediaTek Dimensity 9000','12 GB','2 Nano SIM, Hỗ trợ 5G','4500 mAh','80 W','256 GB');
INSERT INTO "Detail" VALUES(8,'iPad Pro M1 12.9 inch WiFi','12.9", Liquid Retina XDR','iPadOS 15','Chính 12 MP & Phụ 10 MP,  TOF 3D LiDAR','12 MP','Apple M1','8 GB','1 Nano SIM hoặc 1 eSIM','40.88 Wh','20 W','128 GB');
INSERT INTO "Detail" VALUES(9,'Samsung Galaxy Tab S8 Ultra','14.6", Super AMOLED','Android 12','Chính 13 MP & Phụ 6 MP','2 Camera 12 MP','Snapdragon 8 Gen 1','8 GB','1 Nano SIM','11200 mAh','45 W','128 GB');
INSERT INTO "Detail" VALUES(10,'Apple Watch S5 LTE 40mm viền thép dây thép','OLED, 1.57 inch','WatchOS','','','Apple S5 64 bit','','','245 mAh','','32 GB');
INSERT INTO "Detail" VALUES(11,'Samsung Galaxy Watch5 Pro 45 mm','SUPER AMOLED, 1.4 inch','One UI Watch','','','Exynos W920','','','590 mAh','','16 GB');
INSERT INTO "Detail" VALUES(12,'iPad Pro M1 11 inch 5G','11", Liquid Retina','iPadOS 15','Chính 12 MP & Phụ 10 MP, TOF 3D LiDAR','12 MP','Apple M1','16 GB','1 Nano SIM hoặc 1 eSIM','28.65 Wh (~ 7538 mAh)','20 W','1 TB');
INSERT INTO "Detail" VALUES(13,'iPad Pro M1 12.9 inch 5G','iPadOS 15','Apple M1','Chính 12 MP & Phụ 10 MP, TOF 3D LiDAR','12 MP','Apple M1','8 GB','1 Nano SIM & 1 eSIM, Hỗ trợ 5G','40.88 Wh (~ 10.835 mAh)','20 W','128 GB');
INSERT INTO "Detail" VALUES(14,'iPad mini 6 5G','8.3", LED-backlit IPS LCD','iPadOS 15','12 MP','12 MP','Apple A15 Bionic','4 GB','1 Nano SIM & 1 eSIM','19.3 Wh (~ 5175 mAh)','20 W','64 GB');
INSERT INTO "Detail" VALUES(15,'MacBook Air M1 2020 7-core GPU','13.3", Retina (2560 x 1600)','Mac OS','','','Apple M1','16 GB','','','','256 GB SSD');
INSERT INTO "Detail" VALUES(16,'MacBook Pro 14 M1 Pro 2021/16-core GPU','14.2", Liquid Retina XDR display (3024 x 1964), 120Hz','Mac OS','','','Apple M1 Pro, 200GB/s','32 GB','','','','512 GB SSD');
INSERT INTO "Detail" VALUES(17,'MacBook Pro 16 M1 Max 2021/32 core-GPU','16.2", Liquid Retina XDR display (3456 x 2234), 120Hz','Mac OS','','','Apple M1 Max, 400GB/s memory bandwidth','32 GB','','','','1 TB SSD');
INSERT INTO "Detail" VALUES(18,'Dell Gaming Alienware m15 R6 i7 11800H (70272633)','15.6", QHD (2560 x 1440), 240Hz','Windows 11 Home SL + Office Home & Student vĩnh viễn','','','i7, 11800H, 2.30 GHz','32 GB, DDR4 2 khe (1 khe 16GB + 1 khe 16GB), 3200 MHz','','','','1 TB SSD M.2 PCIe (Có thể tháo ra, lắp thanh khác tối đa 2TB), Hỗ trợ thêm 1 khe cắm SSD M.2 PCIe mở rộng (nâng cấp tối đa 2TB)');
INSERT INTO "Detail" VALUES(19,'Dell Vostro 3510 i5 1135G7 (P112F002BBL)','15.6", Full HD (1920 x 1080)','Windows 11 Home SL + Office Home & Student vĩnh viễn','','','i5, 1135G7, 2.4GHz','8 GB, DDR4 2 khe (1 khe 8GB + 1 khe rời), 3200 MHz','','','','512 GB SSD NVMe PCIe (Có thể tháo ra, lắp thanh khác tối đa 2TB (2280) / 1TB (2230)), Hỗ trợ khe cắm HDD SATA (nâng cấp tối đa 2TB)');
INSERT INTO "Detail" VALUES(20,'Xiaomi Pad 5 WiFi','11", IPS LCD','Android 11','13 MP','8 MP','Snapdragon 860','6 GB','','8720 mAh','33 W','256 GB');
CREATE TABLE "Order" ("id" integer NOT NULL PRIMARY KEY AUTOINCREMENT, "create_date" date NOT NULL, "total_amount" integer NULL, "phone" varchar(10) NOT NULL, "address" text NOT NULL, "status" integer NOT NULL, "user_id" integer NOT NULL REFERENCES "auth_user" ("id") DEFERRABLE INITIALLY DEFERRED);
INSERT INTO "Order" VALUES(3,'2022-09-13',0,'','',0,1);
INSERT INTO "Order" VALUES(8,'2022-09-14',62321500,'0367297017','Số 38, ngách 75, ngõ 173, Hoàng Hoa Thám, Ngọc Hà, Ba Đình, Hà Nội',1,9);
INSERT INTO "Order" VALUES(9,'2025-04-13',24990000,'0397713172','ha noi',1,12);
INSERT INTO "Order" VALUES(10,'2025-04-13',64980000,'0397713172','ha noi',1,12);
INSERT INTO "Order" VALUES(11,'2025-04-13',33990000,'0397713172','ha noi',1,11);
INSERT INTO "Order" VALUES(12,'2025-04-13',30990000,'0397713172','ha noi',1,11);
INSERT INTO "Order" VALUES(13,'2025-04-13',76970000,'123123','ha noi',1,11);
INSERT INTO "Order" VALUES(14,'2025-04-13',58980000,'0397713172','ha noi',1,11);
CREATE TABLE "OrderDetail" ("id" integer NOT NULL PRIMARY KEY AUTOINCREMENT, "quantity" integer NOT NULL, "amount" integer NOT NULL, "order_id" bigint NOT NULL REFERENCES "Order" ("id") DEFERRABLE INITIALLY DEFERRED, "product_id" bigint NOT NULL REFERENCES "Product" ("id") DEFERRABLE INITIALLY DEFERRED);
INSERT INTO "OrderDetail" VALUES(69,1,26341500,8,3);
INSERT INTO "OrderDetail" VALUES(70,2,35980000,8,11);
INSERT INTO "OrderDetail" VALUES(72,1,24990000,9,4);
INSERT INTO "OrderDetail" VALUES(73,1,33990000,10,2);
INSERT INTO "OrderDetail" VALUES(74,1,30990000,10,3);
INSERT INTO "OrderDetail" VALUES(75,1,33990000,11,2);
INSERT INTO "OrderDetail" VALUES(76,1,30990000,12,3);
INSERT INTO "OrderDetail" VALUES(77,1,11990000,13,12);
INSERT INTO "OrderDetail" VALUES(78,1,30990000,13,3);
INSERT INTO "OrderDetail" VALUES(79,1,33990000,13,2);
INSERT INTO "OrderDetail" VALUES(80,1,24990000,14,4);
INSERT INTO "OrderDetail" VALUES(81,1,33990000,14,2);
CREATE TABLE "Pet" ("id" varchar(10) NOT NULL PRIMARY KEY, "name" varchar(30) NOT NULL, "age" integer NOT NULL, "type" varchar(3) NOT NULL, "weight" real NOT NULL, "length" integer NOT NULL, "color" varchar(7) NOT NULL, "vacinated" bool NOT NULL, "dewormed" bool NOT NULL, "sterilized" bool NOT NULL);
INSERT INTO "Pet" VALUES('P003','Bob',3,'cat',3.0,30,'#7a43a8',1,1,1);
INSERT INTO "Pet" VALUES('P004','Pet4',3,'dog',20.0,80,'#91811d',1,1,0);
INSERT INTO "Pet" VALUES('P001','Tom',3,'cat',3.0,30,'#000000',1,0,0);
CREATE TABLE "Place" ("id" integer NOT NULL PRIMARY KEY AUTOINCREMENT, "name" varchar(50) NOT NULL, "address" varchar(80) NOT NULL);
INSERT INTO "Place" VALUES(1,'Quận 12','Quận12');
INSERT INTO "Place" VALUES(2,'Quận 1','Quận1');
INSERT INTO "Place" VALUES(3,'Quận 2','Quận2');
INSERT INTO "Place" VALUES(4,'Quận 4','Quận4');
CREATE TABLE "Product" ("id" integer NOT NULL PRIMARY KEY AUTOINCREMENT, "name" varchar(100) NOT NULL, "price" integer NOT NULL, "stock_quantity" integer NOT NULL, "image" text NOT NULL, "status" bool NOT NULL, "brand_id" bigint NOT NULL REFERENCES "Brand" ("id") DEFERRABLE INITIALLY DEFERRED, "category_id" bigint NOT NULL REFERENCES "Category" ("id") DEFERRABLE INITIALLY DEFERRED, "detail_id" bigint NOT NULL REFERENCES "Detail" ("id") DEFERRABLE INITIALLY DEFERRED);
INSERT INTO "Product" VALUES(2,'iPhone 13 Pro Max',33990000,384,'https://cdn.tgdd.vn/Products/Images/42/230529/iphone-13-pro-max-sierra-blue-600x600.jpg',1,1,12,1);
INSERT INTO "Product" VALUES(3,'iPhone 13 Pro',30990000,489,'https://cdn.tgdd.vn/Products/Images/42/230521/iphone-13-pro-thumb-600x600.jpg',1,1,12,2);
INSERT INTO "Product" VALUES(4,'iPhone 13',24990000,998,'https://cdn.tgdd.vn/Products/Images/42/223602/iphone-13-starlight-1-600x600.jpg',1,1,12,3);
INSERT INTO "Product" VALUES(5,'Samsung Galaxy S22 Ultra 5G',30990000,450,'https://cdn.tgdd.vn/Products/Images/42/235838/Galaxy-S22-Ultra-Burgundy-200x200.jpg',1,2,12,4);
INSERT INTO "Product" VALUES(6,'Samsung Galaxy Z Fold3 5G',41990000,50,'images/samsung-galaxy-z-fold-3-black-1-600x600.jpeg',1,2,12,5);
INSERT INTO "Product" VALUES(7,'Xiaomi 12 Series',19990000,1000,'https://cdn.tgdd.vn/Products/Images/42/234621/Xiaomi-12-xam-thumb-mau-600x600.jpg',1,3,12,6);
INSERT INTO "Product" VALUES(8,'Vivo X80',19990000,1000,'https://cdn.tgdd.vn/Products/Images/42/253138/vivo-x80-xanh-thumb-600x600.jpg',1,6,12,7);
INSERT INTO "Product" VALUES(9,'iPad Pro M1 12.9 inch 5G',34990000,1000,'https://cdn.tgdd.vn/Products/Images/522/238649/ipad-pro-2021-129-inch-gray-600x600.jpg',1,1,5,13);
INSERT INTO "Product" VALUES(10,'Samsung Galaxy Tab S8 Ultra',30990000,550,'https://cdn.tgdd.vn/Products/Images/522/247513/samsung-tab-s8-ultra-thumb-600x600.jpg',1,2,5,9);
INSERT INTO "Product" VALUES(11,'Apple Watch S5 LTE 40mm viền thép dây thép',17990000,97,'https://cdn.tgdd.vn/Products/Images/7077/234919/s5-lte-40mm-vien-thep-day-thep-vang-bac-600x600.jpg',1,1,6,10);
INSERT INTO "Product" VALUES(12,'Samsung Galaxy Watch5 Pro 45mm dây silicone',11990000,199,'https://cdn.tgdd.vn/Products/Images/7077/284933/samsung-galaxy-watch5-pro-xam-thumbn-600x600.jpg',1,2,6,11);
INSERT INTO "Product" VALUES(14,'iPad Pro M1 12.9 inch WiFi',30990000,1000,'https://cdn.tgdd.vn/Products/Images/522/238649/ipad-pro-2021-129-inch-gray-600x600.jpg',1,1,5,8);
INSERT INTO "Product" VALUES(15,'iPad Pro M1 11 inch 5G',46990000,150,'https://cdn.tgdd.vn/Products/Images/522/269329/pad-pro-m1-11-inch-wifi-cellular-1tb-2021-bac-thumb-600x600.jpeg',1,1,5,12);
INSERT INTO "Product" VALUES(16,'iPad mini 6 5G',19990000,500,'https://cdn.tgdd.vn/Products/Images/522/250734/ipad-mini-6-wifi-cellular-pink-1-600x600.jpg',1,1,5,14);
INSERT INTO "Product" VALUES(17,'MacBook Air M1 2020 7-core GPU',33990000,1000,'https://cdn.tgdd.vn/Products/Images/44/239552/TimerThumb/apple-macbook-air-m1-2020-z124000de-(22).jpg',1,1,9,15);
INSERT INTO "Product" VALUES(18,'MacBook Pro 14 M1 Pro 2021/16-core GPU',71990000,1000,'https://cdn.tgdd.vn/Products/Images/44/275442/macbook-pro-14-inch-m1-pro-2021-10-core-cpu-thumb-1-600x600.jpg',1,1,9,16);
INSERT INTO "Product" VALUES(19,'MacBook Pro 16 M1 Max 2021/32 core-GPU',85990000,500,'https://cdn.tgdd.vn/Products/Images/44/253582/apple-macbook-pro-16-m1-max-2021-600x600.jpg',1,1,9,17);
INSERT INTO "Product" VALUES(20,'Dell Gaming Alienware m15 R6 i7 11800H (70272633)',66490000,100,'https://cdn.tgdd.vn/Products/Images/44/271090/TimerThumb/271090.png',1,7,9,18);
INSERT INTO "Product" VALUES(21,'Dell Vostro 3510 i5 1135G7 (P112F002BBL)',22990000,350,'https://cdn.tgdd.vn/Products/Images/44/266280/TimerThumb/dell-vostro-3510-i5-p112f002bbl-KM-thumb.jpg',1,7,9,19);
INSERT INTO "Product" VALUES(22,'Máy tính bảng Xiaomi Pad 5',10490000,0,'https://cdn.tgdd.vn/Products/Images/522/250934/xiaomi-pad-5-grey-600x600.jpg',1,3,5,20);
CREATE TABLE "ProductImage" ("id" integer NOT NULL PRIMARY KEY AUTOINCREMENT, "path" text NOT NULL, "product_id" bigint NOT NULL REFERENCES "Product" ("id") DEFERRABLE INITIALLY DEFERRED);
INSERT INTO "ProductImage" VALUES(1,'images/product-images/iphone-13-pro-max-slider-5g-1020x570.jpeg',2);
INSERT INTO "ProductImage" VALUES(2,'images/product-images/iphone-13-pro-max-slider-120hz-1020x570.jpeg',2);
INSERT INTO "ProductImage" VALUES(3,'images/product-images/iphone-13-pro-max-slider-ios15-1020x570.jpeg',2);
INSERT INTO "ProductImage" VALUES(4,'images/product-images/iphone-13-pro-max-slider-oled-1020x570-1.jpeg',2);
INSERT INTO "ProductImage" VALUES(5,'images/product-images/iphone-13-pro-max-slider-promotion-1020x570.jpeg',2);
INSERT INTO "ProductImage" VALUES(6,'images/product-images/vi-vn-iphone-13-pro-max-slider-anh-chup.jpeg',2);
INSERT INTO "ProductImage" VALUES(7,'images/product-images/vi-vn-iphone-13-pro-max-slider-anh-macro.jpeg',2);
INSERT INTO "ProductImage" VALUES(8,'images/product-images/vi-vn-iphone-13-pro-max-slider-camera.jpeg',2);
INSERT INTO "ProductImage" VALUES(9,'images/product-images/vi-vn-iphone-13-pro-max-slider-deep-fusion.jpeg',2);
INSERT INTO "ProductImage" VALUES(10,'images/product-images/vi-vn-iphone-13-pro-max-slider-hieu-nang.jpeg',2);
INSERT INTO "ProductImage" VALUES(11,'images/product-images/vi-vn-iphone-13-pro-max-slider-night-mode.jpeg',2);
INSERT INTO "ProductImage" VALUES(12,'images/product-images/vi-vn-iphone-13-pro-max-slider-thiet-ke.jpeg',2);
INSERT INTO "ProductImage" VALUES(13,'images/product-images/vi-vn-iphone-13-pro-max-slider-tong-quan.jpeg',2);
INSERT INTO "ProductImage" VALUES(14,'images/product-images/vi-vn-iphone-13-pro-max-slider-truedepth.jpeg',2);
INSERT INTO "ProductImage" VALUES(15,'https://cdn.tgdd.vn/Products/Images/42/230521/Slider/vi-vn-iphone-13-pro-slider-tong-quan.jpg',3);
INSERT INTO "ProductImage" VALUES(16,'https://cdn.tgdd.vn/Products/Images/42/230521/Slider/vi-vn-iphone-13-pro-slider-hieu-nang.jpg',3);
INSERT INTO "ProductImage" VALUES(17,'https://cdn.tgdd.vn/Products/Images/42/230521/Slider/iphone-13-pro-slider-120hz-1020x570.jpg',3);
INSERT INTO "ProductImage" VALUES(18,'https://cdn.tgdd.vn/Products/Images/42/230521/Slider/iphone-13-pro-slider-promotion-1020x570.jpg',3);
INSERT INTO "ProductImage" VALUES(19,'https://cdn.tgdd.vn/Products/Images/42/230521/Slider/iphone-13-pro-slider-oled-1020x570-1.jpg',3);
INSERT INTO "ProductImage" VALUES(20,'https://cdn.tgdd.vn/Products/Images/42/230521/Slider/iphone-13-pro-slider-ios15-1020x570.jpg',3);
INSERT INTO "ProductImage" VALUES(21,'https://cdn.tgdd.vn/Products/Images/42/230521/Slider/vi-vn-iphone-13-pro-slider-camera.jpg',3);
INSERT INTO "ProductImage" VALUES(22,'https://cdn.tgdd.vn/Products/Images/42/230521/Slider/vi-vn-iphone-13-pro-slider-anh-macro.jpg',3);
INSERT INTO "ProductImage" VALUES(23,'https://cdn.tgdd.vn/Products/Images/42/230521/Slider/vi-vn-iphone-13-pro-slider-truedepth.jpg',3);
INSERT INTO "ProductImage" VALUES(24,'https://cdn.tgdd.vn/Products/Images/42/230521/Slider/vi-vn-iphone-13-pro-slider-deep-fusion.jpg',3);
INSERT INTO "ProductImage" VALUES(25,'https://cdn.tgdd.vn/Products/Images/42/230521/Slider/vi-vn-iphone-13-pro-slider-anh-chup.jpg',3);
INSERT INTO "ProductImage" VALUES(26,'https://cdn.tgdd.vn/Products/Images/42/230521/Slider/vi-vn-iphone-13-pro-slider-night-mode.jpg',3);
CREATE TABLE "Product_tags" ("id" integer NOT NULL PRIMARY KEY AUTOINCREMENT, "product_id" bigint NOT NULL REFERENCES "Product" ("id") DEFERRABLE INITIALLY DEFERRED, "tag_id" bigint NOT NULL REFERENCES "myshop_tag" ("id") DEFERRABLE INITIALLY DEFERRED);
INSERT INTO "Product_tags" VALUES(1,9,4);
INSERT INTO "Product_tags" VALUES(2,4,1);
INSERT INTO "Product_tags" VALUES(3,2,1);
CREATE TABLE "Promotion" ("id" integer NOT NULL PRIMARY KEY AUTOINCREMENT, "discount" integer NOT NULL, "start_date" date NOT NULL, "end_date" date NOT NULL, "product_id" bigint NOT NULL REFERENCES "Product" ("id") DEFERRABLE INITIALLY DEFERRED);
INSERT INTO "Promotion" VALUES(1,15,'2022-08-28','2022-09-30',2);
INSERT INTO "Promotion" VALUES(2,15,'2022-08-28','2022-09-30',3);
INSERT INTO "Promotion" VALUES(3,30,'2022-09-12','2022-09-30',6);
CREATE TABLE "Publication" ("id" integer NOT NULL PRIMARY KEY AUTOINCREMENT, "title" varchar(30) NOT NULL);
INSERT INTO "Publication" VALUES(1,'title1');
INSERT INTO "Publication" VALUES(2,'title2');
INSERT INTO "Publication" VALUES(3,'title3');
CREATE TABLE "Restaurant" ("place_id" bigint NOT NULL PRIMARY KEY REFERENCES "Place" ("id") DEFERRABLE INITIALLY DEFERRED, "serves_hot_dogs" bool NOT NULL, "serves_pizza" bool NOT NULL);
INSERT INTO "Restaurant" VALUES(1,0,1);
INSERT INTO "Restaurant" VALUES(2,1,1);
INSERT INTO "Restaurant" VALUES(3,1,1);
CREATE TABLE "auth_group" ("id" integer NOT NULL PRIMARY KEY AUTOINCREMENT, "name" varchar(150) NOT NULL UNIQUE);
CREATE TABLE "auth_group_permissions" ("id" integer NOT NULL PRIMARY KEY AUTOINCREMENT, "group_id" integer NOT NULL REFERENCES "auth_group" ("id") DEFERRABLE INITIALLY DEFERRED, "permission_id" integer NOT NULL REFERENCES "auth_permission" ("id") DEFERRABLE INITIALLY DEFERRED);
CREATE TABLE "auth_permission" ("id" integer NOT NULL PRIMARY KEY AUTOINCREMENT, "content_type_id" integer NOT NULL REFERENCES "django_content_type" ("id") DEFERRABLE INITIALLY DEFERRED, "codename" varchar(100) NOT NULL, "name" varchar(255) NOT NULL);
INSERT INTO "auth_permission" VALUES(1,1,'add_logentry','Can add log entry');
INSERT INTO "auth_permission" VALUES(2,1,'change_logentry','Can change log entry');
INSERT INTO "auth_permission" VALUES(3,1,'delete_logentry','Can delete log entry');
INSERT INTO "auth_permission" VALUES(4,1,'view_logentry','Can view log entry');
INSERT INTO "auth_permission" VALUES(5,2,'add_permission','Can add permission');
INSERT INTO "auth_permission" VALUES(6,2,'change_permission','Can change permission');
INSERT INTO "auth_permission" VALUES(7,2,'delete_permission','Can delete permission');
INSERT INTO "auth_permission" VALUES(8,2,'view_permission','Can view permission');
INSERT INTO "auth_permission" VALUES(9,3,'add_group','Can add group');
INSERT INTO "auth_permission" VALUES(10,3,'change_group','Can change group');
INSERT INTO "auth_permission" VALUES(11,3,'delete_group','Can delete group');
INSERT INTO "auth_permission" VALUES(12,3,'view_group','Can view group');
INSERT INTO "auth_permission" VALUES(13,4,'add_user','Can add user');
INSERT INTO "auth_permission" VALUES(14,4,'change_user','Can change user');
INSERT INTO "auth_permission" VALUES(15,4,'delete_user','Can delete user');
INSERT INTO "auth_permission" VALUES(16,4,'view_user','Can view user');
INSERT INTO "auth_permission" VALUES(17,5,'add_contenttype','Can add content type');
INSERT INTO "auth_permission" VALUES(18,5,'change_contenttype','Can change content type');
INSERT INTO "auth_permission" VALUES(19,5,'delete_contenttype','Can delete content type');
INSERT INTO "auth_permission" VALUES(20,5,'view_contenttype','Can view content type');
INSERT INTO "auth_permission" VALUES(21,6,'add_session','Can add session');
INSERT INTO "auth_permission" VALUES(22,6,'change_session','Can change session');
INSERT INTO "auth_permission" VALUES(23,6,'delete_session','Can delete session');
INSERT INTO "auth_permission" VALUES(24,6,'view_session','Can view session');
INSERT INTO "auth_permission" VALUES(25,7,'add_student','Can add student');
INSERT INTO "auth_permission" VALUES(26,7,'change_student','Can change student');
INSERT INTO "auth_permission" VALUES(27,7,'delete_student','Can delete student');
INSERT INTO "auth_permission" VALUES(28,7,'view_student','Can view student');
INSERT INTO "auth_permission" VALUES(29,8,'add_place','Can add place');
INSERT INTO "auth_permission" VALUES(30,8,'change_place','Can change place');
INSERT INTO "auth_permission" VALUES(31,8,'delete_place','Can delete place');
INSERT INTO "auth_permission" VALUES(32,8,'view_place','Can view place');
INSERT INTO "auth_permission" VALUES(33,9,'add_restaurant','Can add restaurant');
INSERT INTO "auth_permission" VALUES(34,9,'change_restaurant','Can change restaurant');
INSERT INTO "auth_permission" VALUES(35,9,'delete_restaurant','Can delete restaurant');
INSERT INTO "auth_permission" VALUES(36,9,'view_restaurant','Can view restaurant');
INSERT INTO "auth_permission" VALUES(37,10,'add_article','Can add article');
INSERT INTO "auth_permission" VALUES(38,10,'change_article','Can change article');
INSERT INTO "auth_permission" VALUES(39,10,'delete_article','Can delete article');
INSERT INTO "auth_permission" VALUES(40,10,'view_article','Can view article');
INSERT INTO "auth_permission" VALUES(41,11,'add_reporter','Can add reporter');
INSERT INTO "auth_permission" VALUES(42,11,'change_reporter','Can change reporter');
INSERT INTO "auth_permission" VALUES(43,11,'delete_reporter','Can delete reporter');
INSERT INTO "auth_permission" VALUES(44,11,'view_reporter','Can view reporter');
INSERT INTO "auth_permission" VALUES(45,12,'add_publication','Can add publication');
INSERT INTO "auth_permission" VALUES(46,12,'change_publication','Can change publication');
INSERT INTO "auth_permission" VALUES(47,12,'delete_publication','Can delete publication');
INSERT INTO "auth_permission" VALUES(48,12,'view_publication','Can view publication');
INSERT INTO "auth_permission" VALUES(49,13,'add_pet','Can add pet');
INSERT INTO "auth_permission" VALUES(50,13,'change_pet','Can change pet');
INSERT INTO "auth_permission" VALUES(51,13,'delete_pet','Can delete pet');
INSERT INTO "auth_permission" VALUES(52,13,'view_pet','Can view pet');
INSERT INTO "auth_permission" VALUES(53,14,'add_category','Can add category');
INSERT INTO "auth_permission" VALUES(54,14,'change_category','Can change category');
INSERT INTO "auth_permission" VALUES(55,14,'delete_category','Can delete category');
INSERT INTO "auth_permission" VALUES(56,14,'view_category','Can view category');
INSERT INTO "auth_permission" VALUES(57,15,'add_product','Can add product');
INSERT INTO "auth_permission" VALUES(58,15,'change_product','Can change product');
INSERT INTO "auth_permission" VALUES(59,15,'delete_product','Can delete product');
INSERT INTO "auth_permission" VALUES(60,15,'view_product','Can view product');
INSERT INTO "auth_permission" VALUES(61,16,'add_orderdetail','Can add order detail');
INSERT INTO "auth_permission" VALUES(62,16,'change_orderdetail','Can change order detail');
INSERT INTO "auth_permission" VALUES(63,16,'delete_orderdetail','Can delete order detail');
INSERT INTO "auth_permission" VALUES(64,16,'view_orderdetail','Can view order detail');
INSERT INTO "auth_permission" VALUES(65,17,'add_order','Can add order');
INSERT INTO "auth_permission" VALUES(66,17,'change_order','Can change order');
INSERT INTO "auth_permission" VALUES(67,17,'delete_order','Can delete order');
INSERT INTO "auth_permission" VALUES(68,17,'view_order','Can view order');
INSERT INTO "auth_permission" VALUES(69,18,'add_promotion','Can add promotion');
INSERT INTO "auth_permission" VALUES(70,18,'change_promotion','Can change promotion');
INSERT INTO "auth_permission" VALUES(71,18,'delete_promotion','Can delete promotion');
INSERT INTO "auth_permission" VALUES(72,18,'view_promotion','Can view promotion');
INSERT INTO "auth_permission" VALUES(73,19,'add_productimage','Can add product image');
INSERT INTO "auth_permission" VALUES(74,19,'change_productimage','Can change product image');
INSERT INTO "auth_permission" VALUES(75,19,'delete_productimage','Can delete product image');
INSERT INTO "auth_permission" VALUES(76,19,'view_productimage','Can view product image');
INSERT INTO "auth_permission" VALUES(77,20,'add_brand','Can add brand');
INSERT INTO "auth_permission" VALUES(78,20,'change_brand','Can change brand');
INSERT INTO "auth_permission" VALUES(79,20,'delete_brand','Can delete brand');
INSERT INTO "auth_permission" VALUES(80,20,'view_brand','Can view brand');
INSERT INTO "auth_permission" VALUES(81,21,'add_detail','Can add detail');
INSERT INTO "auth_permission" VALUES(82,21,'change_detail','Can change detail');
INSERT INTO "auth_permission" VALUES(83,21,'delete_detail','Can delete detail');
INSERT INTO "auth_permission" VALUES(84,21,'view_detail','Can view detail');
INSERT INTO "auth_permission" VALUES(85,22,'add_rating','Can add rating');
INSERT INTO "auth_permission" VALUES(86,22,'change_rating','Can change rating');
INSERT INTO "auth_permission" VALUES(87,22,'delete_rating','Can delete rating');
INSERT INTO "auth_permission" VALUES(88,22,'view_rating','Can view rating');
INSERT INTO "auth_permission" VALUES(89,23,'add_tag','Can add tag');
INSERT INTO "auth_permission" VALUES(90,23,'change_tag','Can change tag');
INSERT INTO "auth_permission" VALUES(91,23,'delete_tag','Can delete tag');
INSERT INTO "auth_permission" VALUES(92,23,'view_tag','Can view tag');
CREATE TABLE "auth_user" ("id" integer NOT NULL PRIMARY KEY AUTOINCREMENT, "password" varchar(128) NOT NULL, "last_login" datetime NULL, "is_superuser" bool NOT NULL, "username" varchar(150) NOT NULL UNIQUE, "last_name" varchar(150) NOT NULL, "email" varchar(254) NOT NULL, "is_staff" bool NOT NULL, "is_active" bool NOT NULL, "date_joined" datetime NOT NULL, "first_name" varchar(150) NOT NULL);
INSERT INTO "auth_user" VALUES(1,'pbkdf2_sha256$320000$3Lpg78jjnITqcJPRSMH2iP$TyRBUtaobxbFKjRXIWwYm+dUZRU3zyqeuaYKhyF50JI=','2022-09-14 08:53:06.864197',1,'admin','','admin@gmail.com',1,1,'2022-07-14 14:17:45.264775','');
INSERT INTO "auth_user" VALUES(9,'pbkdf2_sha256$320000$xU962s6cIuDEpp2hVYrk70$Jj2qQwuYd5T7ea3XIZd7GcpyTAnJNXyn+GmyM8D/e0Q=','2022-09-14 08:55:28.843310',0,'dunghdtk92','Phạm','dunghdtk92@gmail.com',0,1,'2022-09-14 08:55:22.750993','Dũng');
INSERT INTO "auth_user" VALUES(10,'pbkdf2_sha256$870000$K7cunHqnVAhf1VJsEJHjuf$04RuQuOc1skBGf2NCPZF+rN4eXwvhfKa0ChCHvon2D0=','2024-11-14 12:16:42.205998',1,'hungvit','','',1,1,'2024-11-14 12:16:26.113560','');
INSERT INTO "auth_user" VALUES(11,'pbkdf2_sha256$1000000$gBDBuNWlGAHDR2ADUpjOsZ$aA8I0tV590L5A6kXJSl6iQjDHVRwvea0iwE/AgMyyxQ=','2025-04-13 19:38:13.525094',1,'admin1','','admin1@gmail.com',1,1,'2025-04-13 18:55:12.292340','');
INSERT INTO "auth_user" VALUES(12,'pbkdf2_sha256$1000000$R5yCc5RrBYj1kTOjtVkW2z$exKHJlcMgNnodPLGNgSShY52fTv7gr7GD/Qx/jeGPx4=','2025-04-13 18:56:57.514315',0,'datdo','do','datdo@gmail.com',0,1,'2025-04-13 18:56:48.787267','dat');
CREATE TABLE "auth_user_groups" ("id" integer NOT NULL PRIMARY KEY AUTOINCREMENT, "user_id" integer NOT NULL REFERENCES "auth_user" ("id") DEFERRABLE INITIALLY DEFERRED, "group_id" integer NOT NULL REFERENCES "auth_group" ("id") DEFERRABLE INITIALLY DEFERRED);
CREATE TABLE "auth_user_user_permissions" ("id" integer NOT NULL PRIMARY KEY AUTOINCREMENT, "user_id" integer NOT NULL REFERENCES "auth_user" ("id") DEFERRABLE INITIALLY DEFERRED, "permission_id" integer NOT NULL REFERENCES "auth_permission" ("id") DEFERRABLE INITIALLY DEFERRED);
CREATE TABLE "django_admin_log" ("id" integer NOT NULL PRIMARY KEY AUTOINCREMENT, "action_time" datetime NOT NULL, "object_id" text NULL, "object_repr" varchar(200) NOT NULL, "change_message" text NOT NULL, "content_type_id" integer NULL REFERENCES "django_content_type" ("id") DEFERRABLE INITIALLY DEFERRED, "user_id" integer NOT NULL REFERENCES "auth_user" ("id") DEFERRABLE INITIALLY DEFERRED, "action_flag" smallint unsigned NOT NULL CHECK ("action_flag" >= 0));
INSERT INTO "django_admin_log" VALUES(1,'2022-07-14 14:24:31.947154','2','python2204','[{"added": {}}]',4,1,1);
INSERT INTO "django_admin_log" VALUES(2,'2022-07-14 14:27:35.382722','2','python2204','[{"changed": {"fields": ["First name", "Last name", "Email address", "Staff status", "Superuser status", "User permissions"]}}]',4,1,2);
INSERT INTO "django_admin_log" VALUES(3,'2022-08-14 04:20:26.757627','2','python2204','',4,1,3);
INSERT INTO "django_admin_log" VALUES(4,'2022-08-14 05:49:04.682520','3','python2204','',4,1,3);
INSERT INTO "django_admin_log" VALUES(5,'2022-08-23 14:05:13.985187','1','Category object (1)','[{"added": {}}]',14,1,1);
INSERT INTO "django_admin_log" VALUES(6,'2022-08-23 14:05:32.874843','2','Category object (2)','[{"added": {}}]',14,1,1);
INSERT INTO "django_admin_log" VALUES(7,'2022-08-23 14:05:50.913011','3','Category object (3)','[{"added": {}}]',14,1,1);
INSERT INTO "django_admin_log" VALUES(8,'2022-08-23 14:21:19.334234','1','Brand object (1)','[{"added": {}}]',20,1,1);
INSERT INTO "django_admin_log" VALUES(9,'2022-08-23 14:21:56.063805','2','Brand object (2)','[{"added": {}}]',20,1,1);
INSERT INTO "django_admin_log" VALUES(10,'2022-08-23 14:22:17.068943','3','Brand object (3)','[{"added": {}}]',20,1,1);
INSERT INTO "django_admin_log" VALUES(11,'2022-08-23 14:22:37.133475','4','Brand object (4)','[{"added": {}}]',20,1,1);
INSERT INTO "django_admin_log" VALUES(12,'2022-08-23 14:22:55.585381','5','Brand object (5)','[{"added": {}}]',20,1,1);
INSERT INTO "django_admin_log" VALUES(13,'2022-08-23 14:22:59.067167','5','Brand object (5)','[]',20,1,2);
INSERT INTO "django_admin_log" VALUES(14,'2022-08-23 14:23:14.503061','6','Brand object (6)','[{"added": {}}]',20,1,1);
INSERT INTO "django_admin_log" VALUES(15,'2022-08-28 07:47:22.530835','1','Apple','[{"added": {}}]',20,1,1);
INSERT INTO "django_admin_log" VALUES(16,'2022-08-28 07:47:30.853838','2','Samsung','[{"added": {}}]',20,1,1);
INSERT INTO "django_admin_log" VALUES(17,'2022-08-28 07:47:44.920399','3','Xiaomi','[{"added": {}}]',20,1,1);
INSERT INTO "django_admin_log" VALUES(18,'2022-08-28 07:47:54.264764','4','Oppo','[{"added": {}}]',20,1,1);
INSERT INTO "django_admin_log" VALUES(19,'2022-08-28 07:48:16.494484','1','Điện thoại & máy tính bảng','[{"added": {}}]',14,1,1);
INSERT INTO "django_admin_log" VALUES(20,'2022-08-28 07:48:34.242980','2','Máy tính & laptop','[{"added": {}}]',14,1,1);
INSERT INTO "django_admin_log" VALUES(21,'2022-08-28 07:48:44.896152','3','Thiết bị đeo','[{"added": {}}]',14,1,1);
INSERT INTO "django_admin_log" VALUES(22,'2022-08-28 07:48:57.652228','4','Điện thoại thông minh','[{"added": {}}]',14,1,1);
INSERT INTO "django_admin_log" VALUES(23,'2022-08-28 07:49:11.467081','5','Máy tính bảng','[{"added": {}}]',14,1,1);
INSERT INTO "django_admin_log" VALUES(24,'2022-08-28 07:49:37.273694','6','Đồng hồ thông minh','[{"added": {}}]',14,1,1);
INSERT INTO "django_admin_log" VALUES(25,'2022-08-28 07:49:56.929835','7','Vòng đeo tay thông minh','[{"added": {}}]',14,1,1);
INSERT INTO "django_admin_log" VALUES(26,'2022-08-28 07:50:05.637837','8','Máy tính','[{"added": {}}]',14,1,1);
INSERT INTO "django_admin_log" VALUES(27,'2022-08-28 07:50:16.421736','9','Laptop','[{"added": {}}]',14,1,1);
INSERT INTO "django_admin_log" VALUES(28,'2022-08-28 07:50:40.337991','10','Máy ảnh & máy quay phim','[{"added": {}}]',14,1,1);
INSERT INTO "django_admin_log" VALUES(29,'2022-08-28 07:54:17.677324','1','iPhone 13 Pro Max 128GB','[{"added": {}}]',21,1,1);
INSERT INTO "django_admin_log" VALUES(30,'2022-08-28 07:55:23.747905','1','Điện thoại iPhone 13 Pro Max 128GB','[{"added": {}}]',15,1,1);
INSERT INTO "django_admin_log" VALUES(31,'2022-08-28 10:48:15.101483','5','Realme','[{"added": {}}]',20,1,1);
INSERT INTO "django_admin_log" VALUES(32,'2022-08-28 10:48:41.733334','6','Vivo','[{"added": {}}]',20,1,1);
INSERT INTO "django_admin_log" VALUES(33,'2022-08-28 10:50:09.176958','2','iPhone 13 Pro 128GB','[{"added": {}}]',21,1,1);
INSERT INTO "django_admin_log" VALUES(34,'2022-08-28 10:50:54.998575','3','iPhone 13 128GB','[{"added": {}}]',21,1,1);
INSERT INTO "django_admin_log" VALUES(35,'2022-08-28 10:51:52.267156','4','Samsung Galaxy S22 Ultra 5G 128GB','[{"added": {}}]',21,1,1);
INSERT INTO "django_admin_log" VALUES(36,'2022-08-28 10:52:53.130364','5','Samsung Galaxy Z Fold3 5G 256GB','[{"added": {}}]',21,1,1);
INSERT INTO "django_admin_log" VALUES(37,'2022-08-28 10:54:58.169090','6','Xiaomi 12','[{"added": {}}]',21,1,1);
INSERT INTO "django_admin_log" VALUES(38,'2022-08-28 10:56:43.498624','7','Vivo X80','[{"added": {}}]',21,1,1);
INSERT INTO "django_admin_log" VALUES(39,'2022-08-28 10:59:02.813812','8','iPad Pro M1 12.9 inch WiFi Cellular 128GB (2021)','[{"added": {}}]',21,1,1);
INSERT INTO "django_admin_log" VALUES(40,'2022-08-28 11:00:35.714819','9','Samsung Galaxy Tab S8 Ultra','[{"added": {}}]',21,1,1);
INSERT INTO "django_admin_log" VALUES(41,'2022-08-28 11:01:05.061624','1','Product object (1)','',15,1,3);
INSERT INTO "django_admin_log" VALUES(42,'2022-08-28 11:06:39.947286','2','Điện thoại iPhone 13 Pro Max 128GB','[{"added": {}}]',15,1,1);
INSERT INTO "django_admin_log" VALUES(43,'2022-08-28 11:07:44.591690','3','Điện thoại iPhone 13 Pro 128GB','[{"added": {}}]',15,1,1);
INSERT INTO "django_admin_log" VALUES(44,'2022-08-28 11:09:20.875761','4','Điện thoại iPhone 13 128GB','[{"added": {}}]',15,1,1);
INSERT INTO "django_admin_log" VALUES(45,'2022-08-28 11:12:13.505292','5','Điện thoại Samsung Galaxy S22 Ultra 5G 128GB','[{"added": {}}]',15,1,1);
INSERT INTO "django_admin_log" VALUES(46,'2022-08-28 11:14:53.582678','6','Điện thoại Samsung Galaxy Z Fold3 5G 256GB','[{"added": {}}]',15,1,1);
INSERT INTO "django_admin_log" VALUES(47,'2022-08-28 11:15:51.585210','7','Điện thoại Xiaomi 12','[{"added": {}}]',15,1,1);
INSERT INTO "django_admin_log" VALUES(48,'2022-08-28 11:16:48.387031','8','Điện thoại Vivo X80','[{"added": {}}]',15,1,1);
INSERT INTO "django_admin_log" VALUES(49,'2022-08-28 11:18:03.338650','9','Máy tính bảng iPad Pro M1 12.9 inch WiFi Cellular 128GB (2021)','[{"added": {}}]',15,1,1);
INSERT INTO "django_admin_log" VALUES(50,'2022-08-28 11:19:07.350189','10','Máy tính bảng Samsung Galaxy Tab S8 Ultra','[{"added": {}}]',15,1,1);
INSERT INTO "django_admin_log" VALUES(51,'2022-08-28 11:21:06.317957','5','Điện thoại Samsung Galaxy S22 Ultra 5G 128GB','[{"changed": {"fields": ["Image"]}}]',15,1,2);
INSERT INTO "django_admin_log" VALUES(52,'2022-08-28 11:23:40.356086','1','Điện thoại iPhone 13 Pro Max 128GB','[{"added": {}}]',18,1,1);
INSERT INTO "django_admin_log" VALUES(53,'2022-08-28 11:24:08.882252','1','Điện thoại iPhone 13 Pro Max 128GB','[{"changed": {"fields": ["Discount"]}}]',18,1,2);
INSERT INTO "django_admin_log" VALUES(54,'2022-08-28 11:24:35.289702','2','Điện thoại iPhone 13 Pro 128GB','[{"added": {}}]',18,1,1);
INSERT INTO "django_admin_log" VALUES(55,'2022-08-28 12:17:18.339095','10','Apple Watch S5 LTE 40mm viền thép dây thép','[{"added": {}}]',21,1,1);
INSERT INTO "django_admin_log" VALUES(56,'2022-08-28 12:18:13.525975','11','Apple Watch S5 LTE 40mm viền thép dây thép','[{"added": {}}]',15,1,1);
INSERT INTO "django_admin_log" VALUES(57,'2022-08-28 12:20:04.104735','11','Samsung Galaxy Watch5 Pro 45 mm','[{"added": {}}]',21,1,1);
INSERT INTO "django_admin_log" VALUES(58,'2022-08-28 12:21:01.741530','12','Đồng hồ thông minh Samsung Galaxy Watch5 Pro 45 mm','[{"added": {}}]',15,1,1);
INSERT INTO "django_admin_log" VALUES(59,'2022-08-28 12:50:59.391349','3','Điện thoại iPhone 13 Pro 128GB','[{"changed": {"fields": ["Category"]}}]',15,1,2);
INSERT INTO "django_admin_log" VALUES(60,'2022-08-30 15:12:57.628323','1','Điện thoại iPhone 13 Pro Max 128GB','[{"added": {}}]',19,1,1);
INSERT INTO "django_admin_log" VALUES(61,'2022-08-30 16:13:36.844083','2','Điện thoại iPhone 13 Pro 128GB','[{"added": {}}]',19,1,1);
INSERT INTO "django_admin_log" VALUES(62,'2022-08-30 16:21:14.061926','2','Điện thoại iPhone 13 Pro 128GB','[{"changed": {"fields": ["Path"]}}]',19,1,2);
INSERT INTO "django_admin_log" VALUES(63,'2022-08-30 16:22:02.825646','2','Điện thoại iPhone 13 Pro 128GB','[{"changed": {"fields": ["Path"]}}]',19,1,2);
INSERT INTO "django_admin_log" VALUES(64,'2022-08-30 23:23:49.543113','2','Điện thoại iPhone 13 Pro Max 128GB','[{"changed": {"fields": ["Product", "Path"]}}]',19,1,2);
INSERT INTO "django_admin_log" VALUES(65,'2022-08-30 23:24:08.746090','1','Điện thoại iPhone 13 Pro Max 128GB','[{"changed": {"fields": ["Path"]}}]',19,1,2);
INSERT INTO "django_admin_log" VALUES(66,'2022-08-30 23:24:27.932776','2','Điện thoại iPhone 13 Pro Max 128GB','[{"changed": {"fields": ["Path"]}}]',19,1,2);
INSERT INTO "django_admin_log" VALUES(67,'2022-08-30 23:25:02.395362','3','Điện thoại iPhone 13 Pro Max 128GB','[{"added": {}}]',19,1,1);
INSERT INTO "django_admin_log" VALUES(68,'2022-08-30 23:25:17.693132','4','Điện thoại iPhone 13 Pro Max 128GB','[{"added": {}}]',19,1,1);
INSERT INTO "django_admin_log" VALUES(69,'2022-08-30 23:25:38.718541','5','Điện thoại iPhone 13 Pro Max 128GB','[{"added": {}}]',19,1,1);
INSERT INTO "django_admin_log" VALUES(70,'2022-08-30 23:25:52.377954','6','Điện thoại iPhone 13 Pro Max 128GB','[{"added": {}}]',19,1,1);
INSERT INTO "django_admin_log" VALUES(71,'2022-08-30 23:26:05.956878','7','Điện thoại iPhone 13 Pro Max 128GB','[{"added": {}}]',19,1,1);
INSERT INTO "django_admin_log" VALUES(72,'2022-08-30 23:26:19.476376','8','Điện thoại iPhone 13 Pro Max 128GB','[{"added": {}}]',19,1,1);
INSERT INTO "django_admin_log" VALUES(73,'2022-08-30 23:26:30.809116','9','Điện thoại iPhone 13 Pro Max 128GB','[{"added": {}}]',19,1,1);
INSERT INTO "django_admin_log" VALUES(74,'2022-08-30 23:26:42.905079','10','Điện thoại iPhone 13 Pro Max 128GB','[{"added": {}}]',19,1,1);
INSERT INTO "django_admin_log" VALUES(75,'2022-08-30 23:26:53.395251','11','Điện thoại iPhone 13 Pro Max 128GB','[{"added": {}}]',19,1,1);
INSERT INTO "django_admin_log" VALUES(76,'2022-08-30 23:27:05.197422','12','Điện thoại iPhone 13 Pro Max 128GB','[{"added": {}}]',19,1,1);
INSERT INTO "django_admin_log" VALUES(77,'2022-08-30 23:27:16.700515','13','Điện thoại iPhone 13 Pro Max 128GB','[{"added": {}}]',19,1,1);
INSERT INTO "django_admin_log" VALUES(78,'2022-08-30 23:27:27.703834','14','Điện thoại iPhone 13 Pro Max 128GB','[{"added": {}}]',19,1,1);
INSERT INTO "django_admin_log" VALUES(79,'2022-08-30 23:37:18.125056','14','Điện thoại iPhone 13 Pro Max 128GB','[{"changed": {"fields": ["Path"]}}]',19,1,2);
INSERT INTO "django_admin_log" VALUES(80,'2022-08-30 23:37:21.431696','13','Điện thoại iPhone 13 Pro Max 128GB','[{"changed": {"fields": ["Path"]}}]',19,1,2);
INSERT INTO "django_admin_log" VALUES(81,'2022-08-30 23:37:23.894695','12','Điện thoại iPhone 13 Pro Max 128GB','[{"changed": {"fields": ["Path"]}}]',19,1,2);
INSERT INTO "django_admin_log" VALUES(82,'2022-08-30 23:37:27.268414','11','Điện thoại iPhone 13 Pro Max 128GB','[{"changed": {"fields": ["Path"]}}]',19,1,2);
INSERT INTO "django_admin_log" VALUES(83,'2022-08-30 23:37:30.320379','10','Điện thoại iPhone 13 Pro Max 128GB','[{"changed": {"fields": ["Path"]}}]',19,1,2);
INSERT INTO "django_admin_log" VALUES(84,'2022-08-30 23:37:33.562175','9','Điện thoại iPhone 13 Pro Max 128GB','[{"changed": {"fields": ["Path"]}}]',19,1,2);
INSERT INTO "django_admin_log" VALUES(85,'2022-08-30 23:37:36.196424','10','Điện thoại iPhone 13 Pro Max 128GB','[]',19,1,2);
INSERT INTO "django_admin_log" VALUES(86,'2022-08-30 23:37:39.608118','1','Điện thoại iPhone 13 Pro Max 128GB','[{"changed": {"fields": ["Path"]}}]',19,1,2);
INSERT INTO "django_admin_log" VALUES(87,'2022-08-30 23:37:42.972677','2','Điện thoại iPhone 13 Pro Max 128GB','[{"changed": {"fields": ["Path"]}}]',19,1,2);
INSERT INTO "django_admin_log" VALUES(88,'2022-08-30 23:37:45.856410','3','Điện thoại iPhone 13 Pro Max 128GB','[{"changed": {"fields": ["Path"]}}]',19,1,2);
INSERT INTO "django_admin_log" VALUES(89,'2022-08-30 23:37:48.856357','4','Điện thoại iPhone 13 Pro Max 128GB','[{"changed": {"fields": ["Path"]}}]',19,1,2);
INSERT INTO "django_admin_log" VALUES(90,'2022-08-30 23:37:51.472849','5','Điện thoại iPhone 13 Pro Max 128GB','[{"changed": {"fields": ["Path"]}}]',19,1,2);
INSERT INTO "django_admin_log" VALUES(91,'2022-08-30 23:37:53.986804','6','Điện thoại iPhone 13 Pro Max 128GB','[{"changed": {"fields": ["Path"]}}]',19,1,2);
INSERT INTO "django_admin_log" VALUES(92,'2022-08-30 23:37:56.460326','7','Điện thoại iPhone 13 Pro Max 128GB','[{"changed": {"fields": ["Path"]}}]',19,1,2);
INSERT INTO "django_admin_log" VALUES(93,'2022-08-30 23:37:58.868809','7','Điện thoại iPhone 13 Pro Max 128GB','[]',19,1,2);
INSERT INTO "django_admin_log" VALUES(94,'2022-08-30 23:38:01.312585','8','Điện thoại iPhone 13 Pro Max 128GB','[{"changed": {"fields": ["Path"]}}]',19,1,2);
INSERT INTO "django_admin_log" VALUES(95,'2022-08-31 16:25:04.637879','2','Điện thoại iPhone 13 Pro Max 128GB','[{"changed": {"fields": ["Image"]}}]',15,1,2);
INSERT INTO "django_admin_log" VALUES(96,'2022-08-31 16:25:34.807411','3','Điện thoại iPhone 13 Pro 128GB','[{"changed": {"fields": ["Image"]}}]',15,1,2);
INSERT INTO "django_admin_log" VALUES(97,'2022-08-31 16:25:58.404075','4','Điện thoại iPhone 13 128GB','[{"changed": {"fields": ["Image"]}}]',15,1,2);
INSERT INTO "django_admin_log" VALUES(98,'2022-08-31 16:27:52.656199','6','Điện thoại Samsung Galaxy Z Fold3 5G 256GB','[{"changed": {"fields": ["Image"]}}]',15,1,2);
INSERT INTO "django_admin_log" VALUES(99,'2022-08-31 16:28:51.439569','7','Điện thoại Xiaomi 12','[{"changed": {"fields": ["Image"]}}]',15,1,2);
INSERT INTO "django_admin_log" VALUES(100,'2022-08-31 16:29:12.816569','7','Điện thoại Xiaomi 12 Series','[{"changed": {"fields": ["Name"]}}]',15,1,2);
INSERT INTO "django_admin_log" VALUES(101,'2022-08-31 16:30:14.663682','8','Điện thoại Vivo X80','[{"changed": {"fields": ["Image"]}}]',15,1,2);
INSERT INTO "django_admin_log" VALUES(102,'2022-08-31 16:31:42.458900','9','Máy tính bảng iPad Pro M1 12.9 inch WiFi Cellular 128GB (2021)','[{"changed": {"fields": ["Image"]}}]',15,1,2);
INSERT INTO "django_admin_log" VALUES(103,'2022-08-31 16:33:14.743230','10','Máy tính bảng Samsung Galaxy Tab S8 Ultra','[{"changed": {"fields": ["Image"]}}]',15,1,2);
INSERT INTO "django_admin_log" VALUES(104,'2022-08-31 16:34:00.709892','11','Apple Watch S5 LTE 40mm viền thép dây thép','[{"changed": {"fields": ["Image"]}}]',15,1,2);
INSERT INTO "django_admin_log" VALUES(105,'2022-08-31 16:35:02.190128','12','Đồng hồ thông minh Samsung Galaxy Watch5 Pro 45 mm','[{"changed": {"fields": ["Image"]}}]',15,1,2);
INSERT INTO "django_admin_log" VALUES(106,'2022-08-31 16:35:53.687369','7','Điện thoại Xiaomi 12 Series','[{"changed": {"fields": ["Image"]}}]',15,1,2);
INSERT INTO "django_admin_log" VALUES(107,'2022-08-31 16:36:23.908686','2','iPhone 13 Pro Max 128GB','[{"changed": {"fields": ["Name"]}}]',15,1,2);
INSERT INTO "django_admin_log" VALUES(108,'2022-08-31 16:36:30.135642','3','iPhone 13 Pro 128GB','[{"changed": {"fields": ["Name"]}}]',15,1,2);
INSERT INTO "django_admin_log" VALUES(109,'2022-08-31 16:36:39.435165','3','iPhone 13 Pro','[{"changed": {"fields": ["Name"]}}]',15,1,2);
INSERT INTO "django_admin_log" VALUES(110,'2022-08-31 16:36:48.172858','2','iPhone 13 Pro Max','[{"changed": {"fields": ["Name"]}}]',15,1,2);
INSERT INTO "django_admin_log" VALUES(111,'2022-08-31 16:36:54.931827','4','iPhone 13','[{"changed": {"fields": ["Name"]}}]',15,1,2);
INSERT INTO "django_admin_log" VALUES(112,'2022-08-31 16:37:04.133936','5','Samsung Galaxy S22 Ultra 5G','[{"changed": {"fields": ["Name"]}}]',15,1,2);
INSERT INTO "django_admin_log" VALUES(113,'2022-08-31 16:37:11.809683','6','Samsung Galaxy Z Fold3 5G','[{"changed": {"fields": ["Name"]}}]',15,1,2);
INSERT INTO "django_admin_log" VALUES(114,'2022-08-31 16:37:17.555966','7','Xiaomi 12 Series','[{"changed": {"fields": ["Name"]}}]',15,1,2);
INSERT INTO "django_admin_log" VALUES(115,'2022-08-31 16:37:21.937253','8','Vivo X80','[{"changed": {"fields": ["Name"]}}]',15,1,2);
INSERT INTO "django_admin_log" VALUES(116,'2022-08-31 16:38:12.173915','9','iPad Pro M1 12.9 inch 5G','[{"changed": {"fields": ["Name"]}}]',15,1,2);
INSERT INTO "django_admin_log" VALUES(117,'2022-08-31 16:38:19.808859','10','Samsung Galaxy Tab S8 Ultra','[{"changed": {"fields": ["Name"]}}]',15,1,2);
INSERT INTO "django_admin_log" VALUES(118,'2022-08-31 16:39:01.506111','11','Apple Watch S5 LTE 40mm viền thép dây thép','[]',15,1,2);
INSERT INTO "django_admin_log" VALUES(119,'2022-08-31 16:39:54.853980','12','Samsung Galaxy Watch5 Pro 45mm dây silicone','[{"changed": {"fields": ["Name"]}}]',15,1,2);
INSERT INTO "django_admin_log" VALUES(120,'2022-08-31 16:41:34.419303','1','iPhone 13 Pro Max','[]',18,1,2);
INSERT INTO "django_admin_log" VALUES(121,'2022-08-31 16:41:38.635174','2','iPhone 13 Pro','[]',18,1,2);
INSERT INTO "django_admin_log" VALUES(122,'2022-08-31 16:42:04.976072','1','iPhone 13 Pro Max','[{"changed": {"fields": ["End date"]}}]',18,1,2);
INSERT INTO "django_admin_log" VALUES(123,'2022-08-31 16:42:16.368113','2','iPhone 13 Pro','[{"changed": {"fields": ["End date"]}}]',18,1,2);
INSERT INTO "django_admin_log" VALUES(124,'2022-09-01 02:43:34.613171','1','Điện thoại & máy tính bảng','[{"changed": {"fields": ["Icon"]}}]',14,1,2);
INSERT INTO "django_admin_log" VALUES(125,'2022-09-01 02:43:53.784311','2','Máy tính & laptop','[{"changed": {"fields": ["Icon"]}}]',14,1,2);
INSERT INTO "django_admin_log" VALUES(126,'2022-09-01 02:44:13.872826','3','Thiết bị đeo','[{"changed": {"fields": ["Icon"]}}]',14,1,2);
INSERT INTO "django_admin_log" VALUES(127,'2022-09-01 02:44:36.298752','10','Máy ảnh & máy quay phim','[{"changed": {"fields": ["Icon"]}}]',14,1,2);
INSERT INTO "django_admin_log" VALUES(128,'2022-09-01 02:49:28.891498','1','Điện thoại & máy tính bảng','[{"changed": {"fields": ["Icon"]}}]',14,1,2);
INSERT INTO "django_admin_log" VALUES(129,'2022-09-01 02:49:36.382059','2','Máy tính & laptop','[{"changed": {"fields": ["Icon"]}}]',14,1,2);
INSERT INTO "django_admin_log" VALUES(130,'2022-09-01 02:49:42.565320','3','Thiết bị đeo','[{"changed": {"fields": ["Icon"]}}]',14,1,2);
INSERT INTO "django_admin_log" VALUES(131,'2022-09-01 02:49:49.585783','10','Máy ảnh & máy quay phim','[{"changed": {"fields": ["Icon"]}}]',14,1,2);
INSERT INTO "django_admin_log" VALUES(132,'2022-09-01 02:50:25.540051','10','Máy ảnh & máy quay phim','[{"changed": {"fields": ["Icon"]}}]',14,1,2);
INSERT INTO "django_admin_log" VALUES(133,'2022-09-01 08:50:03.372563','9','Laptop','[{"changed": {"fields": ["Category parent"]}}]',14,1,2);
INSERT INTO "django_admin_log" VALUES(134,'2022-09-01 08:51:27.256317','8','Máy tính','[{"changed": {"fields": ["Description", "Icon", "Category parent"]}}]',14,1,2);
INSERT INTO "django_admin_log" VALUES(135,'2022-09-01 08:51:52.954582','8','Máy tính','[]',14,1,2);
INSERT INTO "django_admin_log" VALUES(136,'2022-09-01 08:52:26.140854','9','Laptop','[{"changed": {"fields": ["Icon"]}}]',14,1,2);
INSERT INTO "django_admin_log" VALUES(137,'2022-09-01 08:53:05.863201','1','Điện thoại','[{"changed": {"fields": ["Name", "Description"]}}]',14,1,2);
INSERT INTO "django_admin_log" VALUES(138,'2022-09-01 08:53:18.418653','4','Điện thoại thông minh','[]',14,1,2);
INSERT INTO "django_admin_log" VALUES(139,'2022-09-01 08:53:53.030562','2','Máy tính & laptop','',14,1,3);
INSERT INTO "django_admin_log" VALUES(140,'2022-09-01 08:55:10.212073','5','Máy tính bảng','[{"changed": {"fields": ["Icon", "Category parent"]}}]',14,1,2);
INSERT INTO "django_admin_log" VALUES(141,'2022-09-01 08:57:30.498518','8','PC - Màn hình','[{"changed": {"fields": ["Name"]}}]',14,1,2);
INSERT INTO "django_admin_log" VALUES(142,'2022-09-01 08:58:50.906999','3','Đồng hồ thông minh','[{"changed": {"fields": ["Name", "Description"]}}]',14,1,2);
INSERT INTO "django_admin_log" VALUES(143,'2022-09-01 08:59:06.696834','6','Đồng hồ thông minh','[{"changed": {"fields": ["Category parent"]}}]',14,1,2);
INSERT INTO "django_admin_log" VALUES(144,'2022-09-01 08:59:15.628989','7','Vòng đeo tay thông minh','',14,1,3);
INSERT INTO "django_admin_log" VALUES(145,'2022-09-01 08:59:24.678624','3','Đồng hồ thông minh','',14,1,3);
INSERT INTO "django_admin_log" VALUES(146,'2022-09-01 08:59:59.818397','6','Đồng hồ thông minh','[{"changed": {"fields": ["Icon"]}}]',14,1,2);
INSERT INTO "django_admin_log" VALUES(147,'2022-09-01 09:01:47.107951','11','Phụ kiện','[{"added": {}}]',14,1,1);
INSERT INTO "django_admin_log" VALUES(148,'2022-09-01 09:50:42.588360','4','Điện thoại','[{"changed": {"fields": ["Name", "Description", "Category parent"]}}]',14,1,2);
INSERT INTO "django_admin_log" VALUES(149,'2022-09-01 09:50:49.901825','1','Điện thoại','',14,1,3);
INSERT INTO "django_admin_log" VALUES(150,'2022-09-01 09:51:45.105859','4','Điện thoại','[{"changed": {"fields": ["Icon"]}}]',14,1,2);
INSERT INTO "django_admin_log" VALUES(151,'2022-09-01 10:56:52.019926','12','Smartphone','[{"added": {}}]',14,1,1);
INSERT INTO "django_admin_log" VALUES(152,'2022-09-01 10:56:59.072500','12','Smartphone','[]',14,1,2);
INSERT INTO "django_admin_log" VALUES(153,'2022-09-01 10:57:13.586750','13','Feature Phone','[{"added": {}}]',14,1,1);
INSERT INTO "django_admin_log" VALUES(154,'2022-09-01 11:03:01.755588','2','iPhone 13 Pro Max','[{"changed": {"fields": ["Category"]}}]',15,1,2);
INSERT INTO "django_admin_log" VALUES(155,'2022-09-01 11:03:07.657423','3','iPhone 13 Pro','[{"changed": {"fields": ["Category"]}}]',15,1,2);
INSERT INTO "django_admin_log" VALUES(156,'2022-09-01 11:03:12.525696','4','iPhone 13','[{"changed": {"fields": ["Category"]}}]',15,1,2);
INSERT INTO "django_admin_log" VALUES(157,'2022-09-01 11:03:17.587219','5','Samsung Galaxy S22 Ultra 5G','[{"changed": {"fields": ["Category"]}}]',15,1,2);
INSERT INTO "django_admin_log" VALUES(158,'2022-09-01 11:03:22.699219','6','Samsung Galaxy Z Fold3 5G','[{"changed": {"fields": ["Category"]}}]',15,1,2);
INSERT INTO "django_admin_log" VALUES(159,'2022-09-01 11:03:29.015428','7','Xiaomi 12 Series','[{"changed": {"fields": ["Category"]}}]',15,1,2);
INSERT INTO "django_admin_log" VALUES(160,'2022-09-01 11:03:34.657986','8','Vivo X80','[{"changed": {"fields": ["Category"]}}]',15,1,2);
INSERT INTO "django_admin_log" VALUES(161,'2022-09-01 15:04:03.806172','10','Máy ảnh & máy quay phim','[]',14,1,2);
INSERT INTO "django_admin_log" VALUES(162,'2022-09-02 07:12:18.866404','4','Điện thoại','[{"changed": {"fields": ["Description"]}}]',14,1,2);
INSERT INTO "django_admin_log" VALUES(163,'2022-09-02 07:12:25.762012','5','Máy tính bảng','[{"changed": {"fields": ["Description"]}}]',14,1,2);
INSERT INTO "django_admin_log" VALUES(164,'2022-09-02 07:12:36.382025','6','Đồng hồ thông minh','[{"changed": {"fields": ["Description"]}}]',14,1,2);
INSERT INTO "django_admin_log" VALUES(165,'2022-09-02 07:12:54.467558','8','PC - Màn hình','[{"changed": {"fields": ["Description"]}}]',14,1,2);
INSERT INTO "django_admin_log" VALUES(166,'2022-09-02 07:13:00.145209','9','Laptop','[{"changed": {"fields": ["Description"]}}]',14,1,2);
INSERT INTO "django_admin_log" VALUES(167,'2022-09-02 07:13:05.142359','10','Máy ảnh & máy quay phim','[{"changed": {"fields": ["Description"]}}]',14,1,2);
INSERT INTO "django_admin_log" VALUES(168,'2022-09-02 07:13:12.263261','11','Phụ kiện','[{"changed": {"fields": ["Description"]}}]',14,1,2);
INSERT INTO "django_admin_log" VALUES(169,'2022-09-02 07:13:19.513379','12','Smartphone','[{"changed": {"fields": ["Description"]}}]',14,1,2);
INSERT INTO "django_admin_log" VALUES(170,'2022-09-02 07:13:29.882362','13','Feature Phone','[{"changed": {"fields": ["Description"]}}]',14,1,2);
INSERT INTO "django_admin_log" VALUES(171,'2022-09-02 07:17:08.477005','8','PC - Màn hình','[{"changed": {"fields": ["Description"]}}]',14,1,2);
INSERT INTO "django_admin_log" VALUES(172,'2022-09-02 08:53:22.513832','10','Apple Watch S5 LTE 40mm viền thép dây thép','[{"changed": {"fields": ["Rear camera", "Front camera", "RAM", "Sim", "Adapter"]}}]',21,1,2);
INSERT INTO "django_admin_log" VALUES(173,'2022-09-02 08:53:32.521469','11','Samsung Galaxy Watch5 Pro 45 mm','[{"changed": {"fields": ["Rear camera", "Front camera", "RAM", "Sim", "Adapter"]}}]',21,1,2);
INSERT INTO "django_admin_log" VALUES(174,'2022-09-03 01:59:06.980914','4','Mobile','[{"changed": {"fields": ["Name", "Description"]}}]',14,1,2);
INSERT INTO "django_admin_log" VALUES(175,'2022-09-03 01:59:19.602525','5','Tablet','[{"changed": {"fields": ["Name", "Description"]}}]',14,1,2);
INSERT INTO "django_admin_log" VALUES(176,'2022-09-03 01:59:30.700462','6','Smartwatch','[{"changed": {"fields": ["Name", "Description"]}}]',14,1,2);
INSERT INTO "django_admin_log" VALUES(177,'2022-09-03 01:59:46.252887','8','Computer','[{"changed": {"fields": ["Name", "Description"]}}]',14,1,2);
INSERT INTO "django_admin_log" VALUES(178,'2022-09-03 02:00:01.493149','9','Laptop','[]',14,1,2);
INSERT INTO "django_admin_log" VALUES(179,'2022-09-03 02:00:11.314245','10','Camera','[{"changed": {"fields": ["Name", "Description"]}}]',14,1,2);
INSERT INTO "django_admin_log" VALUES(180,'2022-09-03 02:00:40.164913','11','Accessory','[{"changed": {"fields": ["Name", "Description"]}}]',14,1,2);
INSERT INTO "django_admin_log" VALUES(181,'2022-09-03 02:00:52.317111','12','Smartphone','[{"changed": {"fields": ["Description"]}}]',14,1,2);
INSERT INTO "django_admin_log" VALUES(182,'2022-09-03 02:01:10.859188','13','Featurephone','[{"changed": {"fields": ["Name", "Description"]}}]',14,1,2);
INSERT INTO "django_admin_log" VALUES(183,'2022-09-03 02:01:16.189050','12','Smartphone','[]',14,1,2);
INSERT INTO "django_admin_log" VALUES(184,'2022-09-03 02:17:36.087157','12','iPad Pro M1 11 inch 5G','[{"added": {}}]',21,1,1);
INSERT INTO "django_admin_log" VALUES(185,'2022-09-03 02:18:23.298623','8','iPad Pro M1 12.9 inch WiFi','[{"changed": {"fields": ["Name"]}}]',21,1,2);
INSERT INTO "django_admin_log" VALUES(186,'2022-09-03 02:20:07.387228','13','iPad Pro M1 12.9 inch 5G','[{"added": {}}]',21,1,1);
INSERT INTO "django_admin_log" VALUES(187,'2022-09-03 02:20:51.008277','13','iPad Pro M1 12.9 inch 5G','[]',21,1,2);
INSERT INTO "django_admin_log" VALUES(188,'2022-09-03 02:22:11.205559','14','iPad mini 6 5G','[{"added": {}}]',21,1,1);
INSERT INTO "django_admin_log" VALUES(189,'2022-09-03 02:23:43.401582','13','Máy tính bảng iPad Pro M1 12.9 inch WiFi Cellular 128GB (2021)','[{"added": {}}]',15,1,1);
INSERT INTO "django_admin_log" VALUES(190,'2022-09-03 02:24:07.009655','13','Máy tính bảng iPad Pro M1 12.9 inch WiFi Cellular 128GB (2021)','[{"changed": {"fields": ["Image"]}}]',15,1,2);
INSERT INTO "django_admin_log" VALUES(191,'2022-09-03 02:25:31.693195','13','Máy tính bảng iPad Pro M1 12.9 inch WiFi Cellular 128GB (2021)','',15,1,3);
INSERT INTO "django_admin_log" VALUES(192,'2022-09-03 02:26:06.391542','9','iPad Pro M1 12.9 inch 5G','[{"changed": {"fields": ["Detail"]}}]',15,1,2);
INSERT INTO "django_admin_log" VALUES(193,'2022-09-03 02:27:31.425141','14','iPad Pro M1 12.9 inch WiFi Cellular 128GB (2021)','[{"added": {}}]',15,1,1);
INSERT INTO "django_admin_log" VALUES(194,'2022-09-03 02:29:04.521285','15','iPad Pro M1 11 inch 5G','[{"added": {}}]',15,1,1);
INSERT INTO "django_admin_log" VALUES(195,'2022-09-03 02:30:21.971902','16','iPad mini 6 5G','[{"added": {}}]',15,1,1);
INSERT INTO "django_admin_log" VALUES(196,'2022-09-03 02:32:37.196849','15','MacBook Air M1 2020 7-core GPU','[{"added": {}}]',21,1,1);
INSERT INTO "django_admin_log" VALUES(197,'2022-09-03 02:34:18.385303','16','MacBook Pro 14 M1 Pro 2021/16-core GPU','[{"added": {}}]',21,1,1);
INSERT INTO "django_admin_log" VALUES(198,'2022-09-03 02:40:22.474729','17','MacBook Pro 16 M1 Max 2021/32 core-GPU','[{"added": {}}]',21,1,1);
INSERT INTO "django_admin_log" VALUES(199,'2022-09-03 02:42:57.150264','17','MacBook Air M1 2020 7-core GPU','[{"added": {}}]',15,1,1);
INSERT INTO "django_admin_log" VALUES(200,'2022-09-03 02:43:47.740483','18','MacBook Pro 14 M1 Pro 2021/16-core GPU','[{"added": {}}]',15,1,1);
INSERT INTO "django_admin_log" VALUES(201,'2022-09-03 02:44:27.204980','19','MacBook Pro 16 M1 Max 2021/32 core-GPU','[{"added": {}}]',15,1,1);
INSERT INTO "django_admin_log" VALUES(202,'2022-09-03 02:45:57.929974','7','Dell','[{"added": {}}]',20,1,1);
INSERT INTO "django_admin_log" VALUES(203,'2022-09-03 02:46:09.049892','8','Lenovo','[{"added": {}}]',20,1,1);
INSERT INTO "django_admin_log" VALUES(204,'2022-09-03 02:46:17.360750','9','Asus','[{"added": {}}]',20,1,1);
INSERT INTO "django_admin_log" VALUES(205,'2022-09-03 02:46:26.415394','10','LG','[{"added": {}}]',20,1,1);
INSERT INTO "django_admin_log" VALUES(206,'2022-09-03 02:50:59.078921','18','Dell Gaming Alienware m15 R6 i7 11800H (70272633)','[{"added": {}}]',21,1,1);
INSERT INTO "django_admin_log" VALUES(207,'2022-09-03 02:52:17.896933','18','Dell Gaming Alienware m15 R6 i7 11800H (70272633)','[{"changed": {"fields": ["Memory"]}}]',21,1,2);
INSERT INTO "django_admin_log" VALUES(208,'2022-09-03 02:54:37.518720','19','Dell Vostro 3510 i5 1135G7 (P112F002BBL)','[{"added": {}}]',21,1,1);
INSERT INTO "django_admin_log" VALUES(209,'2022-09-03 02:54:56.052911','18','Dell Gaming Alienware m15 R6 i7 11800H (70272633)','[{"changed": {"fields": ["Memory"]}}]',21,1,2);
INSERT INTO "django_admin_log" VALUES(210,'2022-09-03 02:55:49.741137','20','Dell Gaming Alienware m15 R6 i7 11800H (70272633)','[{"added": {}}]',15,1,1);
INSERT INTO "django_admin_log" VALUES(211,'2022-09-03 02:56:48.129176','21','Dell Vostro 3510 i5 1135G7 (P112F002BBL)','[{"added": {}}]',15,1,1);
INSERT INTO "django_admin_log" VALUES(212,'2022-09-03 03:03:24.194815','1','Apple','[{"changed": {"fields": ["Category"]}}]',20,1,2);
INSERT INTO "django_admin_log" VALUES(213,'2022-09-03 03:03:46.635120','2','Samsung','[{"changed": {"fields": ["Category"]}}]',20,1,2);
INSERT INTO "django_admin_log" VALUES(214,'2022-09-03 03:03:51.800484','3','Xiaomi','[{"changed": {"fields": ["Category"]}}]',20,1,2);
INSERT INTO "django_admin_log" VALUES(215,'2022-09-03 03:03:58.458911','4','Oppo','[{"changed": {"fields": ["Category"]}}]',20,1,2);
INSERT INTO "django_admin_log" VALUES(216,'2022-09-03 03:04:03.566695','5','Realme','[{"changed": {"fields": ["Category"]}}]',20,1,2);
INSERT INTO "django_admin_log" VALUES(217,'2022-09-03 03:04:10.855352','6','Vivo','[{"changed": {"fields": ["Category"]}}]',20,1,2);
INSERT INTO "django_admin_log" VALUES(218,'2022-09-03 03:04:15.440831','6','Vivo','[]',20,1,2);
INSERT INTO "django_admin_log" VALUES(219,'2022-09-03 03:04:21.445304','7','Dell','[{"changed": {"fields": ["Category"]}}]',20,1,2);
INSERT INTO "django_admin_log" VALUES(220,'2022-09-03 03:04:33.979780','8','Lenovo','[{"changed": {"fields": ["Category"]}}]',20,1,2);
INSERT INTO "django_admin_log" VALUES(221,'2022-09-03 03:04:38.493946','7','Dell','[{"changed": {"fields": ["Category"]}}]',20,1,2);
INSERT INTO "django_admin_log" VALUES(222,'2022-09-03 03:04:42.570703','8','Lenovo','[]',20,1,2);
INSERT INTO "django_admin_log" VALUES(223,'2022-09-03 03:04:48.440878','9','Asus','[{"changed": {"fields": ["Category"]}}]',20,1,2);
INSERT INTO "django_admin_log" VALUES(224,'2022-09-03 03:04:54.420325','10','LG','[{"changed": {"fields": ["Category"]}}]',20,1,2);
INSERT INTO "django_admin_log" VALUES(225,'2022-09-03 14:12:33.931892','1','Apple','[{"changed": {"fields": ["Category"]}}]',20,1,2);
INSERT INTO "django_admin_log" VALUES(226,'2022-09-03 14:12:51.634425','2','Samsung','[{"changed": {"fields": ["Category"]}}]',20,1,2);
INSERT INTO "django_admin_log" VALUES(227,'2022-09-03 14:13:04.698089','3','Xiaomi','[{"changed": {"fields": ["Category"]}}]',20,1,2);
INSERT INTO "django_admin_log" VALUES(228,'2022-09-03 14:14:01.330389','4','Oppo','[{"changed": {"fields": ["Category"]}}]',20,1,2);
INSERT INTO "django_admin_log" VALUES(229,'2022-09-03 14:14:08.888524','5','Realme','[{"changed": {"fields": ["Category"]}}]',20,1,2);
INSERT INTO "django_admin_log" VALUES(230,'2022-09-03 14:14:16.048497','6','Vivo','[{"changed": {"fields": ["Category"]}}]',20,1,2);
INSERT INTO "django_admin_log" VALUES(231,'2022-09-03 14:14:24.337905','7','Dell','[{"changed": {"fields": ["Category"]}}]',20,1,2);
INSERT INTO "django_admin_log" VALUES(232,'2022-09-03 14:14:33.531505','8','Lenovo','[{"changed": {"fields": ["Category"]}}]',20,1,2);
INSERT INTO "django_admin_log" VALUES(233,'2022-09-03 14:14:42.376935','9','Asus','[{"changed": {"fields": ["Category"]}}]',20,1,2);
INSERT INTO "django_admin_log" VALUES(234,'2022-09-03 14:14:52.743385','10','LG','[{"changed": {"fields": ["Category"]}}]',20,1,2);
INSERT INTO "django_admin_log" VALUES(235,'2022-09-03 14:35:08.369667','14','iPad Pro M1 12.9 inch WiFi','[{"changed": {"fields": ["Name"]}}]',15,1,2);
INSERT INTO "django_admin_log" VALUES(236,'2022-09-03 15:28:51.287697','1','Apple','[{"changed": {"fields": ["Icon"]}}]',20,1,2);
INSERT INTO "django_admin_log" VALUES(237,'2022-09-03 15:48:32.345204','1','Apple','[{"changed": {"fields": ["Icon"]}}]',20,1,2);
INSERT INTO "django_admin_log" VALUES(238,'2022-09-03 15:48:50.290908','2','Samsung','[{"changed": {"fields": ["Icon"]}}]',20,1,2);
INSERT INTO "django_admin_log" VALUES(239,'2022-09-03 15:49:00.301349','3','Xiaomi','[{"changed": {"fields": ["Icon"]}}]',20,1,2);
INSERT INTO "django_admin_log" VALUES(240,'2022-09-03 15:49:09.245351','4','Oppo','[{"changed": {"fields": ["Icon"]}}]',20,1,2);
INSERT INTO "django_admin_log" VALUES(241,'2022-09-03 15:49:19.573927','5','Realme','[{"changed": {"fields": ["Icon"]}}]',20,1,2);
INSERT INTO "django_admin_log" VALUES(242,'2022-09-03 15:49:28.110689','6','Vivo','[{"changed": {"fields": ["Icon"]}}]',20,1,2);
INSERT INTO "django_admin_log" VALUES(243,'2022-09-03 15:49:36.926214','7','Dell','[{"changed": {"fields": ["Icon"]}}]',20,1,2);
INSERT INTO "django_admin_log" VALUES(244,'2022-09-03 15:49:46.830903','8','Lenovo','[{"changed": {"fields": ["Icon"]}}]',20,1,2);
INSERT INTO "django_admin_log" VALUES(245,'2022-09-03 15:49:58.244659','9','Asus','[{"changed": {"fields": ["Icon"]}}]',20,1,2);
INSERT INTO "django_admin_log" VALUES(246,'2022-09-03 15:50:08.913686','10','LG','[{"changed": {"fields": ["Icon"]}}]',20,1,2);
INSERT INTO "django_admin_log" VALUES(247,'2022-09-03 15:51:41.549405','11','Nokia','[{"added": {}}]',20,1,1);
INSERT INTO "django_admin_log" VALUES(248,'2022-09-03 15:52:13.455949','12','Acer','[{"added": {}}]',20,1,1);
INSERT INTO "django_admin_log" VALUES(249,'2022-09-05 23:39:45.445030','20','Xiaomi Pad 5 WiFi','[{"added": {}}]',21,1,1);
INSERT INTO "django_admin_log" VALUES(250,'2022-09-05 23:40:50.849493','22','Máy tính bảng Xiaomi Pad 5','[{"added": {}}]',15,1,1);
INSERT INTO "django_admin_log" VALUES(251,'2022-09-05 23:41:44.961703','3','Xiaomi','[{"changed": {"fields": ["Category"]}}]',20,1,2);
INSERT INTO "django_admin_log" VALUES(252,'2022-09-11 08:47:44.944380','15','iPhone 13 Pro','[{"added": {}}]',19,1,1);
INSERT INTO "django_admin_log" VALUES(253,'2022-09-11 08:47:59.526741','16','iPhone 13 Pro','[{"added": {}}]',19,1,1);
INSERT INTO "django_admin_log" VALUES(254,'2022-09-11 08:48:24.487773','17','iPhone 13 Pro','[{"added": {}}]',19,1,1);
INSERT INTO "django_admin_log" VALUES(255,'2022-09-11 08:48:45.163646','16','iPhone 13 Pro','[{"changed": {"fields": ["Path"]}}]',19,1,2);
INSERT INTO "django_admin_log" VALUES(256,'2022-09-11 08:50:28.450126','18','iPhone 13 Pro','[{"added": {}}]',19,1,1);
INSERT INTO "django_admin_log" VALUES(257,'2022-09-11 08:51:16.034079','19','iPhone 13 Pro','[{"added": {}}]',19,1,1);
INSERT INTO "django_admin_log" VALUES(258,'2022-09-11 08:51:40.729987','20','iPhone 13 Pro','[{"added": {}}]',19,1,1);
INSERT INTO "django_admin_log" VALUES(259,'2022-09-11 08:52:00.765166','21','iPhone 13 Pro','[{"added": {}}]',19,1,1);
INSERT INTO "django_admin_log" VALUES(260,'2022-09-11 08:52:14.992268','22','iPhone 13 Pro','[{"added": {}}]',19,1,1);
INSERT INTO "django_admin_log" VALUES(261,'2022-09-11 08:52:32.374869','23','iPhone 13 Pro','[{"added": {}}]',19,1,1);
INSERT INTO "django_admin_log" VALUES(262,'2022-09-11 08:52:47.216375','24','iPhone 13 Pro','[{"added": {}}]',19,1,1);
INSERT INTO "django_admin_log" VALUES(263,'2022-09-11 08:53:02.512886','25','iPhone 13 Pro','[{"added": {}}]',19,1,1);
INSERT INTO "django_admin_log" VALUES(264,'2022-09-11 08:53:50.649536','26','iPhone 13 Pro','[{"added": {}}]',19,1,1);
INSERT INTO "django_admin_log" VALUES(265,'2022-09-13 16:34:32.542881','3','Samsung Galaxy Z Fold3 5G','[{"added": {}}]',18,1,1);
INSERT INTO "django_admin_log" VALUES(266,'2022-09-13 17:38:22.797884','22','Máy tính bảng Xiaomi Pad 5','[{"changed": {"fields": ["Stock quantity"]}}]',15,1,2);
INSERT INTO "django_admin_log" VALUES(267,'2022-09-14 00:20:13.674375','22','Máy tính bảng Xiaomi Pad 5','[{"changed": {"fields": ["Stock quantity"]}}]',15,1,2);
INSERT INTO "django_admin_log" VALUES(268,'2022-09-14 07:47:03.936736','5','python2203','',4,1,3);
INSERT INTO "django_admin_log" VALUES(269,'2022-09-14 07:47:08.234709','4','python2204','',4,1,3);
INSERT INTO "django_admin_log" VALUES(270,'2022-09-14 07:51:36.974310','6','dunghtk92','',4,1,3);
INSERT INTO "django_admin_log" VALUES(271,'2022-09-14 08:39:57.996568','7','dunghdtk92','',4,1,3);
INSERT INTO "django_admin_log" VALUES(272,'2022-09-14 08:53:14.792868','8','dunghdtk92','',4,1,3);
INSERT INTO "django_admin_log" VALUES(273,'2025-04-13 21:15:56.078170','1','iphone','[{"added": {}}]',23,11,1);
INSERT INTO "django_admin_log" VALUES(274,'2025-04-13 21:16:01.761293','2','samsung','[{"added": {}}]',23,11,1);
INSERT INTO "django_admin_log" VALUES(275,'2025-04-13 21:16:11.702670','3','nokia','[{"added": {}}]',23,11,1);
INSERT INTO "django_admin_log" VALUES(276,'2025-04-13 21:16:26.162117','4','ipad','[{"added": {}}]',23,11,1);
INSERT INTO "django_admin_log" VALUES(277,'2025-04-13 21:16:30.877540','5','vivo','[{"added": {}}]',23,11,1);
INSERT INTO "django_admin_log" VALUES(278,'2025-04-13 21:16:44.542626','9','iPad Pro M1 12.9 inch 5G','[]',15,11,2);
INSERT INTO "django_admin_log" VALUES(279,'2025-04-13 21:17:05.655089','9','iPad Pro M1 12.9 inch 5G','[{"changed": {"fields": ["Tags"]}}]',15,11,2);
INSERT INTO "django_admin_log" VALUES(280,'2025-04-13 21:17:59.104632','4','iPhone 13','[{"changed": {"fields": ["Tags"]}}]',15,11,2);
INSERT INTO "django_admin_log" VALUES(281,'2025-04-13 21:18:08.866084','2','iPhone 13 Pro Max','[{"changed": {"fields": ["Tags"]}}]',15,11,2);
INSERT INTO "django_admin_log" VALUES(282,'2025-04-13 21:18:23.901879','2','iPhone 13 Pro Max','[]',15,11,2);
CREATE TABLE "django_content_type" ("id" integer NOT NULL PRIMARY KEY AUTOINCREMENT, "app_label" varchar(100) NOT NULL, "model" varchar(100) NOT NULL);
INSERT INTO "django_content_type" VALUES(1,'admin','logentry');
INSERT INTO "django_content_type" VALUES(2,'auth','permission');
INSERT INTO "django_content_type" VALUES(3,'auth','group');
INSERT INTO "django_content_type" VALUES(4,'auth','user');
INSERT INTO "django_content_type" VALUES(5,'contenttypes','contenttype');
INSERT INTO "django_content_type" VALUES(6,'sessions','session');
INSERT INTO "django_content_type" VALUES(7,'myapp','student');
INSERT INTO "django_content_type" VALUES(8,'myapp','place');
INSERT INTO "django_content_type" VALUES(9,'myapp','restaurant');
INSERT INTO "django_content_type" VALUES(10,'myapp','article');
INSERT INTO "django_content_type" VALUES(11,'myapp','reporter');
INSERT INTO "django_content_type" VALUES(12,'myapp','publication');
INSERT INTO "django_content_type" VALUES(13,'myapp','pet');
INSERT INTO "django_content_type" VALUES(14,'myshop','category');
INSERT INTO "django_content_type" VALUES(15,'myshop','product');
INSERT INTO "django_content_type" VALUES(16,'myshop','orderdetail');
INSERT INTO "django_content_type" VALUES(17,'myshop','order');
INSERT INTO "django_content_type" VALUES(18,'myshop','promotion');
INSERT INTO "django_content_type" VALUES(19,'myshop','productimage');
INSERT INTO "django_content_type" VALUES(20,'myshop','brand');
INSERT INTO "django_content_type" VALUES(21,'myshop','detail');
INSERT INTO "django_content_type" VALUES(22,'myshop','rating');
INSERT INTO "django_content_type" VALUES(23,'myshop','tag');
CREATE TABLE "django_migrations" ("id" integer NOT NULL PRIMARY KEY AUTOINCREMENT, "app" varchar(255) NOT NULL, "name" varchar(255) NOT NULL, "applied" datetime NOT NULL);
INSERT INTO "django_migrations" VALUES(1,'contenttypes','0001_initial','2022-07-14 14:03:36.688398');
INSERT INTO "django_migrations" VALUES(2,'auth','0001_initial','2022-07-14 14:03:36.703992');
INSERT INTO "django_migrations" VALUES(3,'admin','0001_initial','2022-07-14 14:03:36.709059');
INSERT INTO "django_migrations" VALUES(4,'admin','0002_logentry_remove_auto_add','2022-07-14 14:03:36.718265');
INSERT INTO "django_migrations" VALUES(5,'admin','0003_logentry_add_action_flag_choices','2022-07-14 14:03:36.723709');
INSERT INTO "django_migrations" VALUES(6,'contenttypes','0002_remove_content_type_name','2022-07-14 14:03:36.732563');
INSERT INTO "django_migrations" VALUES(7,'auth','0002_alter_permission_name_max_length','2022-07-14 14:03:36.738689');
INSERT INTO "django_migrations" VALUES(8,'auth','0003_alter_user_email_max_length','2022-07-14 14:03:36.744201');
INSERT INTO "django_migrations" VALUES(9,'auth','0004_alter_user_username_opts','2022-07-14 14:03:36.747916');
INSERT INTO "django_migrations" VALUES(10,'auth','0005_alter_user_last_login_null','2022-07-14 14:03:36.752990');
INSERT INTO "django_migrations" VALUES(11,'auth','0006_require_contenttypes_0002','2022-07-14 14:03:36.753895');
INSERT INTO "django_migrations" VALUES(12,'auth','0007_alter_validators_add_error_messages','2022-07-14 14:03:36.757308');
INSERT INTO "django_migrations" VALUES(13,'auth','0008_alter_user_username_max_length','2022-07-14 14:03:36.762303');
INSERT INTO "django_migrations" VALUES(14,'auth','0009_alter_user_last_name_max_length','2022-07-14 14:03:36.767180');
INSERT INTO "django_migrations" VALUES(15,'auth','0010_alter_group_name_max_length','2022-07-14 14:03:36.773306');
INSERT INTO "django_migrations" VALUES(16,'auth','0011_update_proxy_permissions','2022-07-14 14:03:36.776841');
INSERT INTO "django_migrations" VALUES(17,'auth','0012_alter_user_first_name_max_length','2022-07-14 14:03:36.781918');
INSERT INTO "django_migrations" VALUES(18,'sessions','0001_initial','2022-07-14 14:03:36.784053');
INSERT INTO "django_migrations" VALUES(19,'myapp','0001_initial','2022-07-24 10:43:00.074601');
INSERT INTO "django_migrations" VALUES(20,'myapp','0002_place_restaurant','2022-07-24 11:23:47.879238');
INSERT INTO "django_migrations" VALUES(21,'myapp','0003_reporter_article','2022-07-24 11:38:33.456347');
INSERT INTO "django_migrations" VALUES(22,'myapp','0004_publication_remove_article_pub_date_and_more','2022-07-24 11:57:00.985086');
INSERT INTO "django_migrations" VALUES(23,'myapp','0005_delete_article_delete_publication','2022-07-24 11:57:00.986624');
INSERT INTO "django_migrations" VALUES(24,'myapp','0006_publication_article','2022-07-24 11:58:21.879102');
INSERT INTO "django_migrations" VALUES(25,'myapp','0007_pet','2022-07-24 13:45:42.636470');
INSERT INTO "django_migrations" VALUES(26,'myshop','0001_initial','2022-08-21 13:30:26.357904');
INSERT INTO "django_migrations" VALUES(27,'myshop','0002_remove_category_category_parent_remove_order_user_and_more','2022-08-28 07:43:20.721341');
INSERT INTO "django_migrations" VALUES(28,'myshop','0003_initial','2022-08-28 07:43:51.559761');
INSERT INTO "django_migrations" VALUES(29,'myshop','0004_alter_detail_ram_alter_detail_adapter_and_more','2022-08-28 12:14:44.357217');
INSERT INTO "django_migrations" VALUES(30,'myshop','0005_category_icon','2022-09-01 02:42:45.432229');
INSERT INTO "django_migrations" VALUES(31,'myshop','0006_alter_detail_ram_alter_detail_adapter_and_more','2022-09-02 08:52:24.494358');
INSERT INTO "django_migrations" VALUES(32,'myshop','0007_alter_detail_ram','2022-09-03 02:49:01.578153');
INSERT INTO "django_migrations" VALUES(33,'myshop','0008_alter_detail_memory','2022-09-03 02:51:37.230558');
INSERT INTO "django_migrations" VALUES(34,'myshop','0009_brand_category','2022-09-03 03:02:31.781126');
INSERT INTO "django_migrations" VALUES(35,'myshop','0010_remove_brand_category_brand_category','2022-09-03 14:11:18.012163');
INSERT INTO "django_migrations" VALUES(36,'myshop','0011_brand_icon','2022-09-03 15:26:46.712870');
INSERT INTO "django_migrations" VALUES(37,'myshop','0012_alter_detail_ram_alter_detail_adapter_and_more','2022-09-06 14:45:15.877806');
INSERT INTO "django_migrations" VALUES(38,'myshop','0013_alter_detail_ram_alter_detail_adapter_and_more','2022-09-06 23:52:28.013698');
INSERT INTO "django_migrations" VALUES(39,'myshop','0014_remove_detail_detail_screen_fe1d66_idx_and_more','2022-09-07 14:37:53.655785');
INSERT INTO "django_migrations" VALUES(40,'myshop','0015_remove_orderdetail_order_remove_orderdetail_product_and_more','2022-09-10 02:27:57.101523');
INSERT INTO "django_migrations" VALUES(41,'myshop','0016_order_orderdetail','2022-09-10 02:28:46.394933');
INSERT INTO "django_migrations" VALUES(42,'myshop','0017_rating','2025-04-13 20:55:21.999428');
INSERT INTO "django_migrations" VALUES(43,'myshop','0018_tag_product_tags','2025-04-13 21:15:41.222861');
INSERT INTO "django_migrations" VALUES(44,'myshop','0019_alter_tag_name','2025-04-13 21:23:29.803809');
CREATE TABLE "django_session" ("session_key" varchar(40) NOT NULL PRIMARY KEY, "session_data" text NOT NULL, "expire_date" datetime NOT NULL);
INSERT INTO "django_session" VALUES('n3dnsn9i4wx0zyo5xj8nuqnjg80s7npe','.eJxVjDsOgzAQBe_iOrJssNcmZXrOgJbddSAJtsSninL3gESRtG_mzVt1uK1Dty0ydyOrq7Lq8rv1SE_JB-AH5nvRVPI6j70-FH3SRbeF5XU73b_AgMuwv1OoIHjwFBrwtbPsjDXeIkCM7EmcVCRNdD5BbBhMokTBAHEEA3XEPXrkMk6y15CnMavPFwXoPV0:1oFYwO:idFkh6NJxXx8wHtxRi-Qh-Z-vQDpkLWjbQPOQHu4VE8','2022-08-07 10:34:28.577793');
INSERT INTO "django_session" VALUES('dnsn1umjn4h20q9tfnst06hx1su2k8ty','.eJxVjMsOwiAQRf-FtSFAkYdL9_0GMtMZpGogKe3K-O_apAvd3nPOfYkE21rS1nlJM4mL0OL0uyFMD647oDvUW5NTq-syo9wVedAux0b8vB7u30GBXr518MpG1C5rPwBbjA6yUmRMZESKg52cdoaDjZAZnYuKwjl7YwxZhWDF-wPXEzel:1oPbGS:qG_TzZ8nS1i3GiuoJhfTM5-JP25KJnQhKc_gBfMmteI','2022-09-04 03:04:40.208055');
INSERT INTO "django_session" VALUES('8rsoai3hdmjoasypw1k89wu0g4lucr9r','.eJxVjMsOwiAQRf-FtSFAkYdL9_0GMtMZpGogKe3K-O_apAvd3nPOfYkE21rS1nlJM4mL0OL0uyFMD647oDvUW5NTq-syo9wVedAux0b8vB7u30GBXr518MpG1C5rPwBbjA6yUmRMZESKg52cdoaDjZAZnYuKwjl7YwxZhWDF-wPXEzel:1oSD0d:a6GHQKpQdjdfFkxVfS1e-KvTJzngM-gSFRddV56-K98','2022-09-11 07:47:07.283274');
INSERT INTO "django_session" VALUES('h2090xwbhlj4gemjg09er98md2xlxp4x','.eJxVjMsOwiAQRf-FtSFAkYdL9_0GMtMZpGogKe3K-O_apAvd3nPOfYkE21rS1nlJM4mL0OL0uyFMD647oDvUW5NTq-syo9wVedAux0b8vB7u30GBXr518MpG1C5rPwBbjA6yUmRMZESKg52cdoaDjZAZnYuKwjl7YwxZhWDF-wPXEzel:1oUTsD:GnY1iwquT07ZGOuZmcWa_5lqT7gB-zEAr_ngo0GTNXc','2022-09-17 14:11:49.651276');
INSERT INTO "django_session" VALUES('oerelgr4aekg7scduyw27jb31qax7lyu','.eJxVjDsOwjAQBe_iGlnG_1DS5wzWrneNA8iR4qRC3B0ipYD2zcx7iQTbWtPWeUkTiYuw4vS7IeQHtx3QHdptlnlu6zKh3BV50C7Hmfh5Pdy_gwq9fuvgvC7ZDVgsnjHoiIymEFnjFBalILJH7Y2mEogjB2YYgjLRcvDgQbw__kg4oA:1oXkQh:_0g05PC9HjPnUeQgTJaNv-kxUaoPXc5PAuF5koDIkIU','2022-09-26 14:28:55.136412');
INSERT INTO "django_session" VALUES('z6yqa8utvofm5tze6yv1l1yot8r542s4','.eJxVjDsOwjAQBe_iGlnG_1DS5wzWrneNA8iR4qRC3B0ipYD2zcx7iQTbWtPWeUkTiYuw4vS7IeQHtx3QHdptlnlu6zKh3BV50C7Hmfh5Pdy_gwq9fuvgvC7ZDVgsnjHoiIymEFnjFBalILJH7Y2mEogjB2YYgjLRcvDgQbw__kg4oA:1oY6K1:Gvd9gHqIM-1tS8Ond499nNSZE1oyQgifYmpi_fMvAes','2022-09-27 13:51:29.995084');
INSERT INTO "django_session" VALUES('8an3lx7ow98h0oepsz1tfid4m8xz6ih4','.eJxVjEEOwiAQRe_C2hDolAFcuu8ZmmFAqRpISrsy3l1JutDtf-_9l5hp3_K8t7TOSxRnoZU4_Y6B-JFKJ_FO5VYl17KtS5BdkQdtcqoxPS-H-3eQqeVvzYwQHVij-TpoThxgdDZSQG9cRIN2QEqaGVTnXiGQ0qMJYDl4JPH-AAwkN_g:1tBYmA:CfRHmQ2lnwe2cECjaXBYdFUyS35t31EYwPltTOMp1oQ','2024-11-28 12:16:42.209056');
INSERT INTO "django_session" VALUES('fwibv1pejp9a5w5bsqabzi3prbxhhz0n','.eJxVjEEOwiAQRe_C2hCowDAu3fcMZICpVA0kpV0Z765NutDtf-_9lwi0rSVsnZcwZ3ERWovT7xgpPbjuJN-p3ppMra7LHOWuyIN2ObbMz-vh_h0U6uVbo4-TMwqVhjNb7ZVKNrNPzmlnvWUAwIyOrVORExugQQ8MBpEII03i_QHfJzeV:1u439h:qiK628t-OQLh_BkgJ8mW5KtER1yvYe43bPqfFxxlTgk','2025-04-27 19:38:13.532095');
CREATE TABLE "myapp_student" ("id" integer NOT NULL PRIMARY KEY AUTOINCREMENT, "name" varchar(30) NOT NULL, "age" integer NOT NULL, "gender" bool NOT NULL, "email" varchar(10) NOT NULL, "phone" varchar(10) NOT NULL, "address" text NOT NULL);
INSERT INTO "myapp_student" VALUES(1,'Ronaldo',37,1,'ronaldo@gmailc.om','0123456789','Anh');
INSERT INTO "myapp_student" VALUES(2,'Messi',34,1,'messi@gmail.com','01234','Pháp');
INSERT INTO "myapp_student" VALUES(8,'Mbape',21,1,'mbape@gmailcom','01212','Hồ Chí Minh');
INSERT INTO "myapp_student" VALUES(9,'Quang Hải',25,1,'hai@gmail.com','0978654231','Pháp');
CREATE TABLE "myshop_rating" ("id" integer NOT NULL PRIMARY KEY AUTOINCREMENT, "stars" integer NOT NULL, "product_id" bigint NOT NULL REFERENCES "Product" ("id") DEFERRABLE INITIALLY DEFERRED, "user_id" integer NOT NULL REFERENCES "auth_user" ("id") DEFERRABLE INITIALLY DEFERRED);
INSERT INTO "myshop_rating" VALUES(1,5,3,11);
INSERT INTO "myshop_rating" VALUES(2,4,4,11);
CREATE TABLE "myshop_tag" ("id" integer NOT NULL PRIMARY KEY AUTOINCREMENT, "name" varchar(100) NOT NULL);
INSERT INTO "myshop_tag" VALUES(1,'iphone');
INSERT INTO "myshop_tag" VALUES(2,'samsung');
INSERT INTO "myshop_tag" VALUES(3,'nokia');
INSERT INTO "myshop_tag" VALUES(4,'ipad');
INSERT INTO "myshop_tag" VALUES(5,'vivo');
CREATE UNIQUE INDEX "auth_group_permissions_group_id_permission_id_0cd325b0_uniq" ON "auth_group_permissions" ("group_id", "permission_id");
CREATE INDEX "auth_group_permissions_group_id_b120cbf9" ON "auth_group_permissions" ("group_id");
CREATE INDEX "auth_group_permissions_permission_id_84c5c92e" ON "auth_group_permissions" ("permission_id");
CREATE UNIQUE INDEX "auth_user_groups_user_id_group_id_94350c0c_uniq" ON "auth_user_groups" ("user_id", "group_id");
CREATE INDEX "auth_user_groups_user_id_6a12ed8b" ON "auth_user_groups" ("user_id");
CREATE INDEX "auth_user_groups_group_id_97559544" ON "auth_user_groups" ("group_id");
CREATE UNIQUE INDEX "auth_user_user_permissions_user_id_permission_id_14a6b632_uniq" ON "auth_user_user_permissions" ("user_id", "permission_id");
CREATE INDEX "auth_user_user_permissions_user_id_a95ead1b" ON "auth_user_user_permissions" ("user_id");
CREATE INDEX "auth_user_user_permissions_permission_id_1fbb5f2c" ON "auth_user_user_permissions" ("permission_id");
CREATE INDEX "django_admin_log_content_type_id_c4bce8eb" ON "django_admin_log" ("content_type_id");
CREATE INDEX "django_admin_log_user_id_c564eba6" ON "django_admin_log" ("user_id");
CREATE UNIQUE INDEX "django_content_type_app_label_model_76bd3d3b_uniq" ON "django_content_type" ("app_label", "model");
CREATE UNIQUE INDEX "auth_permission_content_type_id_codename_01ab375a_uniq" ON "auth_permission" ("content_type_id", "codename");
CREATE INDEX "auth_permission_content_type_id_2f476e4b" ON "auth_permission" ("content_type_id");
CREATE INDEX "django_session_expire_date_a5c62663" ON "django_session" ("expire_date");
CREATE UNIQUE INDEX "Article_publications_article_id_publication_id_47499adc_uniq" ON "Article_publications" ("article_id", "publication_id");
CREATE INDEX "Article_publications_article_id_db46f49f" ON "Article_publications" ("article_id");
CREATE INDEX "Article_publications_publication_id_ec94fc5e" ON "Article_publications" ("publication_id");
CREATE INDEX "Product_brand_id_bb588269" ON "Product" ("brand_id");
CREATE INDEX "Product_category_id_0a9a7411" ON "Product" ("category_id");
CREATE INDEX "Product_detail_id_d1ef59dd" ON "Product" ("detail_id");
CREATE INDEX "Promotion_product_id_3f604226" ON "Promotion" ("product_id");
CREATE INDEX "ProductImage_product_id_f70724f4" ON "ProductImage" ("product_id");
CREATE INDEX "Category_category_parent_id_c6ddccbe" ON "Category" ("category_parent_id");
CREATE UNIQUE INDEX "Brand_category_brand_id_category_id_2f3bdacc_uniq" ON "Brand_category" ("brand_id", "category_id");
CREATE INDEX "Brand_category_brand_id_e2f1478b" ON "Brand_category" ("brand_id");
CREATE INDEX "Brand_category_category_id_6caeb101" ON "Brand_category" ("category_id");
CREATE INDEX "Order_user_id_24066048" ON "Order" ("user_id");
CREATE INDEX "OrderDetail_order_id_b206f0ec" ON "OrderDetail" ("order_id");
CREATE INDEX "OrderDetail_product_id_d51a301e" ON "OrderDetail" ("product_id");
CREATE UNIQUE INDEX "myshop_rating_product_id_user_id_67fb6b8f_uniq" ON "myshop_rating" ("product_id", "user_id");
CREATE INDEX "myshop_rating_product_id_bd44d88d" ON "myshop_rating" ("product_id");
CREATE INDEX "myshop_rating_user_id_bf1e4d6f" ON "myshop_rating" ("user_id");
CREATE UNIQUE INDEX "Product_tags_product_id_tag_id_a91d2775_uniq" ON "Product_tags" ("product_id", "tag_id");
CREATE INDEX "Product_tags_product_id_009fa4e2" ON "Product_tags" ("product_id");
CREATE INDEX "Product_tags_tag_id_fc2895ef" ON "Product_tags" ("tag_id");
DELETE FROM "sqlite_sequence";
INSERT INTO "sqlite_sequence" VALUES('django_migrations',44);
INSERT INTO "sqlite_sequence" VALUES('django_admin_log',282);
INSERT INTO "sqlite_sequence" VALUES('django_content_type',23);
INSERT INTO "sqlite_sequence" VALUES('auth_permission',92);
INSERT INTO "sqlite_sequence" VALUES('auth_group',0);
INSERT INTO "sqlite_sequence" VALUES('auth_user',12);
INSERT INTO "sqlite_sequence" VALUES('auth_user_user_permissions',24);
INSERT INTO "sqlite_sequence" VALUES('myapp_student',9);
INSERT INTO "sqlite_sequence" VALUES('Place',4);
INSERT INTO "sqlite_sequence" VALUES('Publication',3);
INSERT INTO "sqlite_sequence" VALUES('Article',2);
INSERT INTO "sqlite_sequence" VALUES('Article_publications',7);
INSERT INTO "sqlite_sequence" VALUES('Product',22);
INSERT INTO "sqlite_sequence" VALUES('Promotion',3);
INSERT INTO "sqlite_sequence" VALUES('ProductImage',26);
INSERT INTO "sqlite_sequence" VALUES('Category',13);
INSERT INTO "sqlite_sequence" VALUES('Detail',20);
INSERT INTO "sqlite_sequence" VALUES('Brand_category',33);
INSERT INTO "sqlite_sequence" VALUES('Brand',12);
INSERT INTO "sqlite_sequence" VALUES('Order',14);
INSERT INTO "sqlite_sequence" VALUES('OrderDetail',81);
INSERT INTO "sqlite_sequence" VALUES('myshop_rating',2);
INSERT INTO "sqlite_sequence" VALUES('Product_tags',3);
INSERT INTO "sqlite_sequence" VALUES('myshop_tag',5);
COMMIT;
